source_file,source_sheet,source_row,expected_pattern,action,note
1993.xls,1993 All,13994,^2KE98600$,new_assignment,The consecutive 2KE98600-2KE98666 run on 16 Dec is a separate assignment from the same-number run on 11 Dec; the true distinct ring number is unresolved.
1993.xls,1993 All,13995,^2KE98601$,new_assignment,The consecutive 2KE98600-2KE98666 run on 16 Dec is a separate assignment from the same-number run on 11 Dec; the true distinct ring number is unresolved.
1993.xls,1993 All,13996,^2KE98602$,new_assignment,The consecutive 2KE98600-2KE98666 run on 16 Dec is a separate assignment from the same-number run on 11 Dec; the true distinct ring number is unresolved.
1993.xls,1993 All,13997,^2KE98603$,new_assignment,The consecutive 2KE98600-2KE98666 run on 16 Dec is a separate assignment from the same-number run on 11 Dec; the true distinct ring number is unresolved.
1993.xls,1993 All,13998,^2KE98604$,new_assignment,The consecutive 2KE98600-2KE98666 run on 16 Dec is a separate assignment from the same-number run on 11 Dec; the true distinct ring number is unresolved.
1993.xls,1993 All,13999,^2KE98605$,new_assignment,The consecutive 2KE98600-2KE98666 run on 16 Dec is a separate assignment from the same-number run on 11 Dec; the true distinct ring number is unresolved.
1993.xls,1993 All,14000,^2KE98606$,new_assignment,The consecutive 2KE98600-2KE98666 run on 16 Dec is a separate assignment from the same-number run on 11 Dec; the true distinct ring number is unresolved.
1993.xls,1993 All,14001,^2KE98607$,new_assignment,The consecutive 2KE98600-2KE98666 run on 16 Dec is a separate assignment from the same-number run on 11 Dec; the true distinct ring number is unresolved.
1993.xls,1993 All,14002,^2KE98608$,new_assignment,The consecutive 2KE98600-2KE98666 run on 16 Dec is a separate assignment from the same-number run on 11 Dec; the true distinct ring number is unresolved.
1993.xls,1993 All,14003,^2KE98609$,new_assignment,The consecutive 2KE98600-2KE98666 run on 16 Dec is a separate assignment from the same-number run on 11 Dec; the true distinct ring number is unresolved.
1993.xls,1993 All,14004,^2KE98610$,new_assignment,The consecutive 2KE98600-2KE98666 run on 16 Dec is a separate assignment from the same-number run on 11 Dec; the true distinct ring number is unresolved.
1993.xls,1993 All,14005,^2KE98611$,new_assignment,The consecutive 2KE98600-2KE98666 run on 16 Dec is a separate assignment from the same-number run on 11 Dec; the true distinct ring number is unresolved.
1993.xls,1993 All,14006,^2KE98612$,new_assignment,The consecutive 2KE98600-2KE98666 run on 16 Dec is a separate assignment from the same-number run on 11 Dec; the true distinct ring number is unresolved.
1993.xls,1993 All,14007,^2KE98613$,new_assignment,The consecutive 2KE98600-2KE98666 run on 16 Dec is a separate assignment from the same-number run on 11 Dec; the true distinct ring number is unresolved.
1993.xls,1993 All,14008,^2KE98614$,new_assignment,The consecutive 2KE98600-2KE98666 run on 16 Dec is a separate assignment from the same-number run on 11 Dec; the true distinct ring number is unresolved.
1993.xls,1993 All,14009,^2KE98615$,new_assignment,The consecutive 2KE98600-2KE98666 run on 16 Dec is a separate assignment from the same-number run on 11 Dec; the true distinct ring number is unresolved.
1993.xls,1993 All,14010,^2KE98616$,new_assignment,The consecutive 2KE98600-2KE98666 run on 16 Dec is a separate assignment from the same-number run on 11 Dec; the true distinct ring number is unresolved.
1993.xls,1993 All,14011,^2KE98617$,new_assignment,The consecutive 2KE98600-2KE98666 run on 16 Dec is a separate assignment from the same-number run on 11 Dec; the true distinct ring number is unresolved.
1993.xls,1993 All,14012,^2KE98618$,new_assignment,The consecutive 2KE98600-2KE98666 run on 16 Dec is a separate assignment from the same-number run on 11 Dec; the true distinct ring number is unresolved.
1993.xls,1993 All,14013,^2KE98619$,new_assignment,The consecutive 2KE98600-2KE98666 run on 16 Dec is a separate assignment from the same-number run on 11 Dec; the true distinct ring number is unresolved.
1993.xls,1993 All,14014,^2KE98620$,new_assignment,The consecutive 2KE98600-2KE98666 run on 16 Dec is a separate assignment from the same-number run on 11 Dec; the true distinct ring number is unresolved.
1993.xls,1993 All,14015,^2KE98621$,new_assignment,The consecutive 2KE98600-2KE98666 run on 16 Dec is a separate assignment from the same-number run on 11 Dec; the true distinct ring number is unresolved.
1993.xls,1993 All,14016,^2KE98622$,new_assignment,The consecutive 2KE98600-2KE98666 run on 16 Dec is a separate assignment from the same-number run on 11 Dec; the true distinct ring number is unresolved.
1993.xls,1993 All,14017,^2KE98623$,new_assignment,The consecutive 2KE98600-2KE98666 run on 16 Dec is a separate assignment from the same-number run on 11 Dec; the true distinct ring number is unresolved.
1993.xls,1993 All,14018,^2KE98624$,new_assignment,The consecutive 2KE98600-2KE98666 run on 16 Dec is a separate assignment from the same-number run on 11 Dec; the true distinct ring number is unresolved.
1993.xls,1993 All,14019,^2KE98625$,new_assignment,The consecutive 2KE98600-2KE98666 run on 16 Dec is a separate assignment from the same-number run on 11 Dec; the true distinct ring number is unresolved.
1993.xls,1993 All,14020,^2KE98626$,new_assignment,The consecutive 2KE98600-2KE98666 run on 16 Dec is a separate assignment from the same-number run on 11 Dec; the true distinct ring number is unresolved.
1993.xls,1993 All,14021,^2KE98627$,new_assignment,The consecutive 2KE98600-2KE98666 run on 16 Dec is a separate assignment from the same-number run on 11 Dec; the true distinct ring number is unresolved.
1993.xls,1993 All,14022,^2KE98628$,new_assignment,The consecutive 2KE98600-2KE98666 run on 16 Dec is a separate assignment from the same-number run on 11 Dec; the true distinct ring number is unresolved.
1993.xls,1993 All,14023,^2KE98629$,new_assignment,The consecutive 2KE98600-2KE98666 run on 16 Dec is a separate assignment from the same-number run on 11 Dec; the true distinct ring number is unresolved.
1993.xls,1993 All,14024,^2KE98630$,new_assignment,The consecutive 2KE98600-2KE98666 run on 16 Dec is a separate assignment from the same-number run on 11 Dec; the true distinct ring number is unresolved.
1993.xls,1993 All,14025,^2KE98631$,new_assignment,The consecutive 2KE98600-2KE98666 run on 16 Dec is a separate assignment from the same-number run on 11 Dec; the true distinct ring number is unresolved.
1993.xls,1993 All,14026,^2KE98632$,new_assignment,The consecutive 2KE98600-2KE98666 run on 16 Dec is a separate assignment from the same-number run on 11 Dec; the true distinct ring number is unresolved.
1993.xls,1993 All,14027,^2KE98633$,new_assignment,The consecutive 2KE98600-2KE98666 run on 16 Dec is a separate assignment from the same-number run on 11 Dec; the true distinct ring number is unresolved.
1993.xls,1993 All,14028,^2KE98634$,new_assignment,The consecutive 2KE98600-2KE98666 run on 16 Dec is a separate assignment from the same-number run on 11 Dec; the true distinct ring number is unresolved.
1993.xls,1993 All,14029,^2KE98635$,new_assignment,The consecutive 2KE98600-2KE98666 run on 16 Dec is a separate assignment from the same-number run on 11 Dec; the true distinct ring number is unresolved.
1993.xls,1993 All,14030,^2KE98636$,new_assignment,The consecutive 2KE98600-2KE98666 run on 16 Dec is a separate assignment from the same-number run on 11 Dec; the true distinct ring number is unresolved.
1993.xls,1993 All,14031,^2KE98637$,new_assignment,The consecutive 2KE98600-2KE98666 run on 16 Dec is a separate assignment from the same-number run on 11 Dec; the true distinct ring number is unresolved.
1993.xls,1993 All,14032,^2KE98638$,new_assignment,The consecutive 2KE98600-2KE98666 run on 16 Dec is a separate assignment from the same-number run on 11 Dec; the true distinct ring number is unresolved.
1993.xls,1993 All,14033,^2KE98639$,new_assignment,The consecutive 2KE98600-2KE98666 run on 16 Dec is a separate assignment from the same-number run on 11 Dec; the true distinct ring number is unresolved.
1993.xls,1993 All,14034,^2KE98640$,new_assignment,The consecutive 2KE98600-2KE98666 run on 16 Dec is a separate assignment from the same-number run on 11 Dec; the true distinct ring number is unresolved.
1993.xls,1993 All,14035,^2KE98641$,new_assignment,The consecutive 2KE98600-2KE98666 run on 16 Dec is a separate assignment from the same-number run on 11 Dec; the true distinct ring number is unresolved.
1993.xls,1993 All,14036,^2KE98642$,new_assignment,The consecutive 2KE98600-2KE98666 run on 16 Dec is a separate assignment from the same-number run on 11 Dec; the true distinct ring number is unresolved.
1993.xls,1993 All,14037,^2KE98643$,new_assignment,The consecutive 2KE98600-2KE98666 run on 16 Dec is a separate assignment from the same-number run on 11 Dec; the true distinct ring number is unresolved.
1993.xls,1993 All,14038,^2KE98644$,new_assignment,The consecutive 2KE98600-2KE98666 run on 16 Dec is a separate assignment from the same-number run on 11 Dec; the true distinct ring number is unresolved.
1993.xls,1993 All,14039,^2KE98645$,new_assignment,The consecutive 2KE98600-2KE98666 run on 16 Dec is a separate assignment from the same-number run on 11 Dec; the true distinct ring number is unresolved.
1993.xls,1993 All,14040,^2KE98646$,new_assignment,The consecutive 2KE98600-2KE98666 run on 16 Dec is a separate assignment from the same-number run on 11 Dec; the true distinct ring number is unresolved.
1993.xls,1993 All,14041,^2KE98647$,new_assignment,The consecutive 2KE98600-2KE98666 run on 16 Dec is a separate assignment from the same-number run on 11 Dec; the true distinct ring number is unresolved.
1993.xls,1993 All,14042,^2KE98648$,new_assignment,The consecutive 2KE98600-2KE98666 run on 16 Dec is a separate assignment from the same-number run on 11 Dec; the true distinct ring number is unresolved.
1993.xls,1993 All,14043,^2KE98649$,new_assignment,The consecutive 2KE98600-2KE98666 run on 16 Dec is a separate assignment from the same-number run on 11 Dec; the true distinct ring number is unresolved.
1993.xls,1993 All,14044,^2KE98650$,new_assignment,The consecutive 2KE98600-2KE98666 run on 16 Dec is a separate assignment from the same-number run on 11 Dec; the true distinct ring number is unresolved.
1993.xls,1993 All,14045,^2KE98651$,new_assignment,The consecutive 2KE98600-2KE98666 run on 16 Dec is a separate assignment from the same-number run on 11 Dec; the true distinct ring number is unresolved.
1993.xls,1993 All,14046,^2KE98652$,new_assignment,The consecutive 2KE98600-2KE98666 run on 16 Dec is a separate assignment from the same-number run on 11 Dec; the true distinct ring number is unresolved.
1993.xls,1993 All,14047,^2KE98653$,new_assignment,The consecutive 2KE98600-2KE98666 run on 16 Dec is a separate assignment from the same-number run on 11 Dec; the true distinct ring number is unresolved.
1993.xls,1993 All,14048,^2KE98654$,new_assignment,The consecutive 2KE98600-2KE98666 run on 16 Dec is a separate assignment from the same-number run on 11 Dec; the true distinct ring number is unresolved.
1993.xls,1993 All,14049,^2KE98655$,new_assignment,The consecutive 2KE98600-2KE98666 run on 16 Dec is a separate assignment from the same-number run on 11 Dec; the true distinct ring number is unresolved.
1993.xls,1993 All,14050,^2KE98656$,new_assignment,The consecutive 2KE98600-2KE98666 run on 16 Dec is a separate assignment from the same-number run on 11 Dec; the true distinct ring number is unresolved.
1993.xls,1993 All,14051,^2KE98657$,new_assignment,The consecutive 2KE98600-2KE98666 run on 16 Dec is a separate assignment from the same-number run on 11 Dec; the true distinct ring number is unresolved.
1993.xls,1993 All,14052,^2KE98658$,new_assignment,The consecutive 2KE98600-2KE98666 run on 16 Dec is a separate assignment from the same-number run on 11 Dec; the true distinct ring number is unresolved.
1993.xls,1993 All,14053,^2KE98659$,new_assignment,The consecutive 2KE98600-2KE98666 run on 16 Dec is a separate assignment from the same-number run on 11 Dec; the true distinct ring number is unresolved.
1993.xls,1993 All,14054,^2KE98660$,new_assignment,The consecutive 2KE98600-2KE98666 run on 16 Dec is a separate assignment from the same-number run on 11 Dec; the true distinct ring number is unresolved.
1993.xls,1993 All,14055,^2KE98661$,new_assignment,The consecutive 2KE98600-2KE98666 run on 16 Dec is a separate assignment from the same-number run on 11 Dec; the true distinct ring number is unresolved.
1993.xls,1993 All,14056,^2KE98662$,new_assignment,The consecutive 2KE98600-2KE98666 run on 16 Dec is a separate assignment from the same-number run on 11 Dec; the true distinct ring number is unresolved.
1993.xls,1993 All,14057,^2KE98663$,new_assignment,The consecutive 2KE98600-2KE98666 run on 16 Dec is a separate assignment from the same-number run on 11 Dec; the true distinct ring number is unresolved.
1993.xls,1993 All,14058,^2KE98664$,new_assignment,The consecutive 2KE98600-2KE98666 run on 16 Dec is a separate assignment from the same-number run on 11 Dec; the true distinct ring number is unresolved.
1993.xls,1993 All,14059,^2KE98665$,new_assignment,The consecutive 2KE98600-2KE98666 run on 16 Dec is a separate assignment from the same-number run on 11 Dec; the true distinct ring number is unresolved.
1993.xls,1993 All,14060,^2KE98666$,new_assignment,The consecutive 2KE98600-2KE98666 run on 16 Dec is a separate assignment from the same-number run on 11 Dec; the true distinct ring number is unresolved.
1999.xls,Sheet1,15734,^1EJ04000$,new_assignment,Consecutive or cross-species ring-number collision reviewed as a new assignment; do not link to the earlier event.
1999.xls,Sheet1,15735,^1EJ04001$,new_assignment,Consecutive or cross-species ring-number collision reviewed as a new assignment; do not link to the earlier event.
1999.xls,Sheet1,15736,^1EJ04002$,new_assignment,Consecutive or cross-species ring-number collision reviewed as a new assignment; do not link to the earlier event.
1999.xls,Sheet1,15737,^1EJ04003$,new_assignment,Consecutive or cross-species ring-number collision reviewed as a new assignment; do not link to the earlier event.
2006-2007_Processed.xls,Sheet1,4056,^CG15180$,new_assignment,Consecutive or cross-species ring-number collision reviewed as a new assignment; do not link to the earlier event.
2008_Processed.xlsx,Sheet1,4547,^3518700$,new_assignment,Consecutive or cross-species ring-number collision reviewed as a new assignment; do not link to the earlier event.
2008_Processed.xlsx,Sheet1,4548,^3518701$,new_assignment,Consecutive or cross-species ring-number collision reviewed as a new assignment; do not link to the earlier event.
2008_Processed.xlsx,Sheet1,4549,^3518703$,new_assignment,Consecutive or cross-species ring-number collision reviewed as a new assignment; do not link to the earlier event.
2008_Processed.xlsx,Sheet1,4550,^3518704$,new_assignment,Consecutive or cross-species ring-number collision reviewed as a new assignment; do not link to the earlier event.
2008_Processed.xlsx,Sheet1,4551,^3518705$,new_assignment,Consecutive or cross-species ring-number collision reviewed as a new assignment; do not link to the earlier event.
2008_Processed.xlsx,Sheet1,4552,^3518706$,new_assignment,Consecutive or cross-species ring-number collision reviewed as a new assignment; do not link to the earlier event.
2008_Processed.xlsx,Sheet1,4553,^3518707$,new_assignment,Consecutive or cross-species ring-number collision reviewed as a new assignment; do not link to the earlier event.
2008_Processed.xlsx,Sheet1,4554,^3518708$,new_assignment,Consecutive or cross-species ring-number collision reviewed as a new assignment; do not link to the earlier event.
2008_Processed.xlsx,Sheet1,4555,^3518709$,new_assignment,Consecutive or cross-species ring-number collision reviewed as a new assignment; do not link to the earlier event.
2008_Processed.xlsx,Sheet1,4556,^3518711$,new_assignment,Consecutive or cross-species ring-number collision reviewed as a new assignment; do not link to the earlier event.
2008_Processed.xlsx,Sheet1,4557,^3518712$,new_assignment,Consecutive or cross-species ring-number collision reviewed as a new assignment; do not link to the earlier event.
2008_Processed.xlsx,Sheet1,4558,^3518713$,new_assignment,Consecutive or cross-species ring-number collision reviewed as a new assignment; do not link to the earlier event.
2008_Processed.xlsx,Sheet1,4559,^3518714$,new_assignment,Consecutive or cross-species ring-number collision reviewed as a new assignment; do not link to the earlier event.
2008_Processed.xlsx,Sheet1,4560,^3518716$,new_assignment,Consecutive or cross-species ring-number collision reviewed as a new assignment; do not link to the earlier event.
2008_Processed.xlsx,Sheet1,4561,^3518717$,new_assignment,Consecutive or cross-species ring-number collision reviewed as a new assignment; do not link to the earlier event.
2008_Processed.xlsx,Sheet1,4562,^3518718$,new_assignment,Consecutive or cross-species ring-number collision reviewed as a new assignment; do not link to the earlier event.
2008_Processed.xlsx,Sheet1,4563,^3518719$,new_assignment,Consecutive or cross-species ring-number collision reviewed as a new assignment; do not link to the earlier event.
2008_Processed.xlsx,Sheet1,4564,^3518720$,new_assignment,Consecutive or cross-species ring-number collision reviewed as a new assignment; do not link to the earlier event.
2008_Processed.xlsx,Sheet1,4565,^3518721$,new_assignment,Consecutive or cross-species ring-number collision reviewed as a new assignment; do not link to the earlier event.
2008_Processed.xlsx,Sheet1,4566,^3518723$,new_assignment,Consecutive or cross-species ring-number collision reviewed as a new assignment; do not link to the earlier event.
2008_Processed.xlsx,Sheet1,4567,^3518726$,new_assignment,Consecutive or cross-species ring-number collision reviewed as a new assignment; do not link to the earlier event.
2008_Processed.xlsx,Sheet1,4568,^3518727$,new_assignment,Consecutive or cross-species ring-number collision reviewed as a new assignment; do not link to the earlier event.
2008_Processed.xlsx,Sheet1,4569,^3518728$,new_assignment,Consecutive or cross-species ring-number collision reviewed as a new assignment; do not link to the earlier event.
2008_Processed.xlsx,Sheet1,4700,^3518702$,new_assignment,Consecutive or cross-species ring-number collision reviewed as a new assignment; do not link to the earlier event.
2008_Processed.xlsx,Sheet1,4701,^3518715$,new_assignment,Consecutive or cross-species ring-number collision reviewed as a new assignment; do not link to the earlier event.
2008_Processed.xlsx,Sheet1,4702,^3518722$,new_assignment,Consecutive or cross-species ring-number collision reviewed as a new assignment; do not link to the earlier event.
2008_Processed.xlsx,Sheet1,4703,^3518724$,new_assignment,Consecutive or cross-species ring-number collision reviewed as a new assignment; do not link to the earlier event.
2008_Processed.xlsx,Sheet1,4704,^3518725$,new_assignment,Consecutive or cross-species ring-number collision reviewed as a new assignment; do not link to the earlier event.
2008_Processed.xlsx,Sheet1,16800,^3518710$,new_assignment,Consecutive or cross-species ring-number collision reviewed as a new assignment; do not link to the earlier event.
2013.xls,Sheet1,5541,^4414847$,new_assignment,Consecutive or cross-species ring-number collision reviewed as a new assignment; do not link to the earlier event.
