afring_number,latin_abbreviation,ngulia_number,avibase_id,common_name,scientific_name
-3,HRXDU,,avibase-64DECB63,Barn Swallow x Western House Martin (hybrid),Hirundo rustica x Delichon urbicum
-2,ACRDUMxPAL,,avibase-D6C468F7,Marsh x Blyth's Reed Warbler (hybrid),Acrocephalus dumetorum x palustris
-1,LANCOLXLANISA,33,avibase-9C172F06,Red-backed x Red-tailed Shrike (hybrid),Lanius collurio x phoenicuroides
0,,0,avibase-AF0D818A,Unknown,Unknown
1,STRCAM,,avibase-2247CB05,,
2,SPHDEM,,avibase-9B183BDD,,
3,EUDCHR,,avibase-ECEE0622,,
4,PODCRI,,avibase-8F269702,,
5,PODNIG,,avibase-32DCEC14,,
6,TACRUF,,avibase-215FEA89,,
7,DIOEXU,,avibase-A28D8D38,,
8,THAMEL,,avibase-F9FCB9FF,,
9,THACHR,,avibase-0E4475F6,,
10,THACHL,,avibase-EA2FA918,,
11,THACAU,,avibase-87797B47,,
12,PHOFUS,,avibase-4976BF1D,,
13,MACGIG,,avibase-C1706A8B,,
14,DAPCAP,,avibase-AAC2D613,,
15,FULGLA,,avibase-10C2881A,,
16,PTEMAC,,avibase-508E7E59,,
18,PTEINC,,avibase-23865D25,,
19,PTEMOL,,avibase-12286A1E,,
20,HALCAE,,avibase-68D6A13A,,
21,PACVIT,,avibase-93860B9B,,
22,PACDES,,avibase-105C306C,,
24,PROCIN,,avibase-843C1B86,,
25,PUFGRA,,avibase-8B879DFA,,
26,CALDIO,,avibase-CA4D268D,,
27,PUFASS,,avibase-0205EDC6,,
28,PUFLHE,,avibase-06C36D41,,
29,PUFGRI,,avibase-1725B07D,,
30,HYDPEL,,avibase-E1638A37,,
31,OCELEU,,avibase-C5FB15C6,,
32,EUDROB,,avibase-5EA37AA8,,
33,OCEOCE,,avibase-D295D249,,
34,PELMAR,,avibase-E9DF118E,,
35,GARNER,,avibase-F5C74C92,,
36,FRETRO,,avibase-ACE8EADE,,
37,FREGRA,,avibase-224E1093,,
38,PELURI,,avibase-8A40716A,,
39,PHARUB,,avibase-C412CD62,,
40,PHALEP,,avibase-1D07B501,,
41,PELRUF,,avibase-8D24E93C,,
42,PELONO,,avibase-8BAFB01E,,
43,MORSER,,avibase-13610344,,
44,MORCAP,,avibase-775E93D7,,
45,SULDAC,,avibase-22D1B4A2,,
46,SULLEU,,avibase-05520B42,,
47,PHACAR,,avibase-3DF5C587,,
48,PHACAP,,avibase-AE61BF48,,
49,PHANEG,,avibase-37D2AC51,,
50,PHAAFR,,avibase-E255DCE1,,
51,PHACOR,,avibase-446E8F9D,,
52,ANHRUF,,avibase-5C7936A7,,
53,FREMIN,,avibase-788EBCAB,,
54,ARDCIN,,avibase-6429024D,,
55,ARDMEL,,avibase-25A648FE,,
56,ARDGOL,,avibase-C7888A15,,
57,ARDPUR,,avibase-3395DCF1,,
58,ARDALB,,avibase-49D9148A,,
59,EGRGAR,,avibase-F2858F9F,,
60,EGRINT,,avibase-C3ABF863,,
61,BUBIBI,,,,
62,ARDRAL,,avibase-CE73EBD7,,
63,BUTSTR,,avibase-67ADD2E3,,
64,EGRARD,,avibase-74853F89,,
65,ARDRUF,,avibase-AEB2DA9B,,
66,IXOSTU,,avibase-87EEBD3E,,
67,IXOMIN,44,avibase-7AAD57AC,,
68,MEGANT,,avibase-9DF07165,,
69,NYCNYC,54,avibase-6BB94D7E,,
70,GORLEU,,avibase-3C12AA44,,
71,BOTSTE,,avibase-0F42F11A,,
72,SCOUMB,,avibase-FC10F6ED,,
73,LEPCRU,,avibase-03C0F97C,,
74,ANALAM,,avibase-0F14ECE4,,
75,EPHSEN,,avibase-3D155653,,
76,MYCIBI,,avibase-4F92C892,,
77,CICEPI,,avibase-F76E7B80,,
78,CICABD,,avibase-26CD0319,,
79,CICNIG,,avibase-E2817DAE,,
80,CICCIC,,avibase-28825494,,
81,THRAET,,avibase-550DE745,,
82,GERCAL,,avibase-645134D3,,
83,PLEFAL,,avibase-D4540F88,,
84,BOSHAG,,avibase-CAFBA217,,
85,PLAALB,,avibase-F86BB1D3,,
86,PHOROS,,avibase-0F9B5174,,
87,PHOMIN,,avibase-B06A9079,,
88,PLEGAM,,avibase-EB01B24C,,
89,ALOAEG,,avibase-DA2F24E3,,
90,TADCAN,,avibase-D9DEA77E,,
91,SARMEL,,avibase-3948131B,,
92,NETAUR,,avibase-EC7C1618,,
93,ANACLY,,avibase-ED4CE8E7,,
94,ANASMI,,avibase-4670CF43,,
95,ANASPA,,avibase-1EAFAD9F,,
96,ANAUND,,avibase-7F64AD87,,
97,ANAERY,,avibase-8F6876AC,,
98,ANACAP,,avibase-25DA0F41,,
99,ANAHOT,,,,
100,DENVID,,avibase-A534AFEA,,
101,DENBIC,,avibase-9A60617E,,
102,NETERY,,avibase-36C0242E,,
103,OXYMAC,,avibase-1C2F4E80,,
104,THALEU,,avibase-2EEDACD5,,
105,SAGSER,,avibase-DCBCCEB8,,
106,GYPCOP,,avibase-F85BEEB4,,
107,GYPAFR,,avibase-0419DDC2,,
108,TORTRA,,avibase-672EA454,,
109,TRIOCC,,avibase-93D7EC56,,
110,NECMON,,avibase-131038AD,,
111,NEOPER,,avibase-6D3480A6,,
112,GYPANG,,avibase-14885C18,,
113,FALPER,,avibase-47E58408,,
114,FALBIA,,avibase-3D3808E3,,
115,FALSUB,49,avibase-E91E287A,,
116,FALCUV,,avibase-F56A73BF,,
117,FALCHI,,avibase-6A64EFCB,,
118,PHACAM,,,,
119,FALAMU,,avibase-E6137E65,,
120,FALVES,,avibase-997A9437,,
121,FALDIC,,avibase-CA34C05A,,
122,FALRUP,,avibase-2E4DAA13,,
123,FALRUP,,avibase-465E7C9F,,
124,FALPUN,,avibase-D1069C26,,
125,FALNAU,,avibase-BECA271F,,
126,POLSEM,,avibase-3B52D2B8,,
127,AVICUC,,avibase-648936C0,,
128,MILMIG,,avibase-06D9A2C8,,
129,MILMIG,,avibase-52A081B0,,
130,ELACAE,,avibase-97C47F3E,,
131,MACALC,,avibase-DAE4C523,,
132,PERAPI,,avibase-ED5A7E8F,,
133,AQUVER,,avibase-14F13C32,,
134,AQURAP,,avibase-F6D547B2,,
135,AQUNIP,,avibase-A635F565,,
136,AQUPOM,,avibase-C2565B65,,
137,AQUWAH,,avibase-535F3C99,,
138,LOPOCC,,avibase-14B9664A,,
139,AQUPEN,,avibase-4B8CC285,,
140,AQUAYR,,avibase-7DF00403,,
141,AQUSPI,,avibase-9A418C45,,
142,POLBEL,,avibase-FDA2E4A3,,
143,STECOR,,avibase-1E3B3515,,
144,KAUMON,,avibase-3EEB66ED,,
145,CIRCIN,,avibase-6904D83F,,
146,CIRPEC,,avibase-BF553D32,,
147,CIRFAS,,avibase-9F2839A9,,
148,CIRCIN,,avibase-4327F813,,
149,HALVOC,,avibase-A19B0CF4,,
150,GYPBAR,,avibase-81DB7410,,
151,TERECA,,avibase-6CBD8724,,
152,BUTRUF,,avibase-22031845,,
153,BUTAUG,,avibase-EBDC03AA,,
154,BUTBUT,,avibase-3C0C325D,,
155,BUTTRI,,avibase-C2AD2E83,,
156,ACCRUF,,avibase-EC0E680F,,
157,ACCOVA,,avibase-BAE91683,,
158,ACCMIN,,avibase-CE1CF6FD,,
159,ACCMEL,,,,
160,ACCTAC,,avibase-35A1472C,,
161,ACCBAD,,avibase-1A0ECB6E,,
162,MICGAB,,avibase-922DE9C1,,
163,MELMET,,avibase-D2AFD39B,,
164,EUDCHR,,avibase-01A11B3A,,
165,MELCAN,,avibase-389FFA09,,
166,CIRAER,,avibase-E2A19474,,
167,CIRRAN,,avibase-2A2C169B,,
168,CIRMAC,,avibase-22647E26,,
169,CIRMAU,,avibase-A41CD4E7,,
170,CIRPYG,,avibase-63B6412E,,
171,POLTYP,,avibase-C505EA72,,
172,PANHAL,,avibase-1327AC55,,
173,FRACOQ,,avibase-ECD7C1D8,,
174,FRASEP,,avibase-8004C7E5,,
175,DENROV,,,,
176,SCLAFR,,avibase-21616639,,
177,FRASHE,,avibase-A15F6836,,
178,FRALEV,,avibase-B49935ED,,
179,FRALEV,,avibase-8E833C63,,
180,PUFPAC,,avibase-E94A7272,,
181,PTECAP,,avibase-6405CD29,,
182,PTEADS,,avibase-9E356E43,,
183,PTENAT,,avibase-A7002FF6,,
184,PTEHAR,,avibase-56FA0FE6,,
185,PTESWA,,avibase-721FFBD4,,
187,PTEINE,,avibase-B829AC03,,
188,FRAAFE,,avibase-5FA94F66,,
189,COTCOT,,avibase-CAFE345D,,
190,COTDEL,,avibase-0CA903BB,,
191,COTADA,,avibase-CAA45AC6,,
192,NUMMEL,,avibase-1044B438,,
193,GUTPUC,,avibase-35D60F12,,
196,TURSYL,,avibase-0DA8BB90,,
197,RALCAE,,avibase-5B443EDE,,
198,CRECRE,37,avibase-7E257242,,
199,CREEGR,,avibase-09A0F2EB,,
200,AENMAR,,avibase-13967506,,
201,PORPOR,57,avibase-460708F9,,
202,PORPUS,,avibase-34D5B04D,,
203,AMAFLA,,avibase-148F0B01,,
204,SARAYR,,avibase-534D524C,,
205,SARRUF,,avibase-10B56544,,
206,SARELE,,avibase-E75BA92C,,
207,SARAFF,,avibase-D4A066EA,,
208,PORPOR,,avibase-AC1E791E,,
209,PORALL,,avibase-53288666,,
210,GALCHL,,avibase-8F82FF8C,,
211,GALANG,,avibase-A927C1AE,,
212,FULCRI,,avibase-53235FDC,,
213,PODSEN,,avibase-46DECAEE,,
214,BALREG,,avibase-D10CAC5D,,
215,BUGCAR,,avibase-38963CAC,,
216,ANTPAR,,avibase-361AC269,,
217,ARDKOR,,avibase-4FC41CA0,,
218,NEOLUD,,avibase-FB9132DC,,
219,NEODEN,,avibase-4FDBC0CB,,
220,EUPVIG,,avibase-199B6280,,
221,EUPRUE,,avibase-303DD648,,
222,EUPSEN,,avibase-3B287014,,
223,EUPCAE,,avibase-501B3D62,,
224,EUPRUF,,avibase-02BE4F8A,,
227,LISMEL,,avibase-562F4456,,
228,ACTAFR,,avibase-D16D486D,,
229,MICCAP,,avibase-29B03FAE,,
230,ROSBEN,,avibase-7516E687,,
231,HAEMOQ,,avibase-C078081E,,
232,AREINT,,avibase-DC3050A9,,
233,CHAHIA,,avibase-EDA37B7C,,
234,CHAMON,,,,
235,CHAMAR,,avibase-214B3533,,
236,CHAPAL,,avibase-61F0E581,,
237,CHAPEC,,avibase-0F0DCC2F,,
238,CHATRI,,avibase-8DAF86A1,,
239,CHALES,,avibase-98B9C10B,,
240,CHAASI,,avibase-264D0351,,
241,PLUSQU,,avibase-27903EF7,,
242,VANCOR,,avibase-D0FA8EBE,,
243,VANMEL,,avibase-83D95620,,
244,VANLUG,,avibase-42D3918F,,
245,VANARM,,avibase-2F23EDC6,,
246,VANALB,,avibase-C4EC6263,,
247,VANSEN,,avibase-074251A3,,
248,VANCRA,,avibase-F7D5320E,,
249,GALMED,58,avibase-BCCD5840,,
250,GALNIG,,avibase-831FC147,,
251,CALFER,,avibase-143A681C,,
252,CALBAI,,avibase-1F1AD154,,
253,CALMIN,,avibase-9936FF4A,,
254,CALCAN,,avibase-B5CE8FAD,,
255,CALALB,,avibase-06B9BD24,,
256,PHIPUG,,avibase-2DABF98F,,
257,XENCIN,,avibase-6D5992EE,,
258,ACTHYP,59,avibase-8548B07E,,
259,TRIOCH,45,avibase-A7B17EFC,,
260,TRIERY,,avibase-0895DD84,,
261,TRITOT,,avibase-D6BFC73A,,
262,TRISTA,,avibase-15CF9352,,
263,TRINEB,,avibase-18B415D2,,
264,TRIGLA,35,avibase-8E67DC5F,,
265,LIMLIM,,avibase-454B5CD5,,
266,LIMLAP,,avibase-9A684C99,,
267,NUMARQ,,avibase-3BB5CBA6,,
268,NUMPHA,,avibase-082F3A63,,
269,RECAVO,,avibase-C73ED2F5,,
270,HIMHIM,,avibase-3CAEB7CE,,
271,PHAFUL,,avibase-18A19380,,
272,PHALOB,,avibase-E6F3BA54,,
273,DROARD,,avibase-C3E33FEB,,
274,BURVER,,avibase-96CCAFEE,,
275,BURCAP,,avibase-862F6F04,,
276,CURRUF,,avibase-5FBB9662,,
277,CURTEM,,avibase-7A841F83,,
278,RHIAFR,,avibase-C130193B,,
279,RHICIN,,avibase-29D50ED5,,
280,RHICHA,,avibase-F5145338,,
281,GLAPRA,,avibase-D56ABB4E,,
282,GLANOR,,avibase-E1F6A875,,
283,GLANUC,,avibase-95820ED1,,
284,STEPAR,,avibase-39086887,,
285,STEPOM,,avibase-7CB8F5B7,,
286,CATANT,,,,
287,LARDOM,,avibase-E6536E4E,,
288,CHRCIR,,avibase-6EB497FA,,
289,LARHAR,,avibase-5941F453,,
290,HYDCAS,,avibase-BC06BC0D,,
291,STEHIR,,avibase-4D2FF6F1,,
292,STEVIT,,avibase-E9C409B5,,
293,STEDOU,,avibase-74236837,,
294,STEPAR,,avibase-BDC5CF80,,
295,ONYFUS,,avibase-3E7F825D,,
296,STESAN,,avibase-F7504353,,
297,STEBEN,,avibase-D01CDECD,,
298,STEBER,,,,
299,STEALB,,avibase-17310BF0,,
300,STEBAL,,avibase-9F9A13D8,,
301,ANOMIN,,avibase-C67DCF31,,
302,GYGALB,,avibase-38B88F11,,
303,ANOSTO,,avibase-A070171E,,
304,CHLLEU,,avibase-43CAAEE3,,
305,CHLHYB,,avibase-7AB4E42B,,
306,RYNFLA,,avibase-907B1140,,
307,PTENAM,,avibase-AAEF597A,,
308,PTEBUR,,avibase-176A4101,,
309,PTEGUT,,avibase-8B6EA5FA,,
310,PTEBIC,,avibase-54059277,,
311,COLGUI,,avibase-A6EA9F02,,
312,COLARQ,,avibase-EEDB8253,,
313,COLDEL,,avibase-870E4DDA,,
314,STRSEM,,avibase-9888B3AE,,
315,STRDEC,,avibase-70BD722B,,
316,STRCAP,,avibase-AB937AEB,,
317,STRSEN,,avibase-B2D6AB06,,
318,OENCAP,,avibase-DDC2CC92,,
319,TURTYM,,avibase-7308278F,,
320,TURAFE,,avibase-23D5FC36,,
321,TURCHA,,avibase-BDF442F2,,
322,APLLAR,,avibase-EE40DDB6,,
323,TRECAL,,avibase-00146574,,
324,COLMAY,,avibase-469B7EC8,,
327,POIMEY,,avibase-0ECD9D58,,
328,POICRY,,avibase-4A039821,,
329,POIRUE,,avibase-E37F25F7,,
330,AGAROS,,avibase-31C03CB8,,
331,AGANIG,,avibase-DAB4D2A2,,
332,AGALIL,,avibase-3EBFC893,,
337,TAUPOR,,avibase-76E45A19,,
338,TAUSCH,,avibase-22952180,,
339,CORCON,,,,
340,CUCCAN,34,avibase-B3D2C3C5,,
341,CUCGUL,,avibase-66931B3F,,
343,CUCSOL,,avibase-26A34DA5,,
344,CUCCLA,,avibase-EDB84334,,
345,PACAUD,,avibase-2AD52363,,
346,CLAGLA,,avibase-3D67C56A,,
347,CLALEV,,avibase-3C8C3A31,,
348,CLAJAC,21,avibase-BF0A0954,,
350,CHRCUP,,avibase-1B309CB5,,
351,CHRKLA,,avibase-1FACD210,,
352,CHRCAP,,avibase-0482FA7E,,
353,CENGRI,,avibase-DB09507D,,
354,CENCUP,,avibase-DD7B1DD7,,
355,CENSEN,,avibase-4A83155B,,
357,CAPPOL,38,avibase-FB96690D,,
358,CEUAER,,avibase-E0D521B7,,
359,TYTALB,,avibase-CFD6F275,,
360,TYTCAP,,avibase-B21A37E7,,
361,ASICAP,,avibase-83E21A84,,
362,STRWOO,,avibase-2E6575A8,,
363,OTUSEN,,avibase-F0AA4FE4,,
364,PTIGRA,,,,
365,GLAPER,,avibase-70CB00EC,,
366,GLACAP,,avibase-77FEB897,,
367,BUBCAP,,avibase-3CD0F535,,
368,BUBAFR,,avibase-DC8CC91D,,
369,BUBLAC,,avibase-EBD3129B,,
370,SCOPEL,,avibase-034B2A6A,,
371,CAPEUR,19,avibase-80D4B0FE,,
372,CAPRUF,,avibase-05E2FB2A,,
373,CAPPEC,,avibase-7E3578A2,,
374,CAPTRI,,avibase-E3C780D6,,
375,CAPNAT,,avibase-52E6406E,,
376,CAPFOS,,avibase-4FD242D0,,
377,MACVEX,,avibase-A526534E,,
378,APUAPU,50,avibase-4E6EF3F9,,
379,APUPAL,,avibase-332BC664,,
380,APUBAR,,avibase-DEE4829A,,
381,APUBRA,,avibase-11507BB3,,
382,TACAEQ,,avibase-91429F78,,
383,APUCAF,,avibase-FA9F6019,,
384,APUHOR,,avibase-FF79A533,,
385,APUAFF,,avibase-D209A90C,,
386,TACMEL,,avibase-FA1CAD29,,
387,CYPPAR,,avibase-DA106373,,
388,TELUSS,,avibase-8ACC245F,,
389,NEABOE,,avibase-0D52DFC7,,
390,COLSTR,,avibase-1FDDABDB,,
391,COLCOL,,avibase-CFDC57C6,,
392,UROIND,,avibase-AB1A85BF,,
393,APANAR,,avibase-7FED5700,,
394,CERRUD,,avibase-8205077F,,
395,MEGMAX,,avibase-F51C1C4A,,
396,ALCSEM,,avibase-F9F5CAB0,,
397,ALCCRI,,avibase-7149F93D,,
398,CEYPIC,,avibase-C0998BB9,,
399,HALSEN,,avibase-47E71671,,
400,HALSEN,,avibase-1F360691,,
401,HALLEU,,avibase-178B6892,,
402,HALALB,,avibase-C5D3CB2A,,
403,HALCHE,,avibase-AB51824B,,
404,MERAPI,47,avibase-66AA3934,,
405,MERPER,,avibase-6EE45113,,
406,MERSUP,,avibase-AC89B8FF,,
407,MERNUB,,avibase-B34CB92A,,
408,MERBOE,,avibase-30238523,,
409,MERBUL,,avibase-38507A80,,
410,MERPUS,,avibase-C0A68CA0,,
411,MERHIR,,avibase-910E6D86,,
412,CORGAR,24,avibase-7451A628,,
413,CORCAU,,avibase-9E9B6EF9,,
414,CORSPA,,avibase-BB456342,,
415,CORNAE,,avibase-2624054E,,
416,EURGLA,,avibase-4F01F416,,
417,DENSTI,,avibase-D1F738F4,,
418,UPUAFR,,,,
419,PHOPUR,,avibase-28CACA8F,,
420,PHODAM,,avibase-76FAC9A5,,
421,RHICYA,,avibase-B0DD1318,,
422,BYCBUC,,avibase-3A4D2B44,,
423,BYCBRE,,avibase-5350D0E8,,
424,TOCNAS,,avibase-0CCD664D,,
426,TOCLEU,,avibase-21A15CDE,,
427,TOCALB,,avibase-1FDA0172,,
428,TOCBRA,,avibase-336CB959,,
429,TOCMON,,avibase-C8898E88,,
430,BUCLEA,,avibase-4192DE77,,
431,LYBTOR,,avibase-8C50CB2D,,
432,TRILEU,,avibase-7AB16C67,,
433,STALEU,,avibase-6C81D39B,,
434,STAWHY,,avibase-5C629518,,
435,STAOLI,,avibase-4568986F,,
436,POGPUS,,avibase-073ECE32,,
437,POGCHR,,avibase-2F467821,,
438,POGBIL,,avibase-7749C92B,,
439,TRAVAI,,avibase-546FA5F2,,
440,INDIND,,avibase-862749B0,,
441,INDVAR,,avibase-7EF4C99C,,
442,INDMIN,,avibase-50F3668C,,
443,PROREG,,avibase-8DB3F1A2,,
444,PROZAM,,avibase-B20CDCE3,,
445,GEOOLI,,avibase-D1B9D410,,
446,CAMBEN,,avibase-FD3EA943,,
447,CAMABI,,avibase-CD2F7C98,,
448,CAMNOT,,avibase-63BE6621,,
449,CAMCAI,,avibase-BD7C4F70,,
450,DENFUS,,avibase-0A241B83,,
451,DENNAM,,avibase-77D82F60,,
452,DENGRI,,avibase-02E004AD,,
453,JYNRUF,,avibase-93EC5E12,,
454,SMICAP,,avibase-9EE216F9,,
455,PITANG,,avibase-373286B2,,
456,MIRCHE,,avibase-AB507233,,
457,MIRPAS,,avibase-86E9D9F4,,
458,MIRAFR,,avibase-EB9CE6A2,,
459,MIRAFR,,,,
460,MIRSAB,,avibase-DC38D1DA,,
461,CERALB,,avibase-DD338581,,
462,LYBMIN,,avibase-9811585C,,
463,GALMAG,,avibase-6CC67AB9,,
464,PINNIG,,avibase-511C1E5A,,
465,CERCHU,,avibase-3244C204,,
467,PSEABY,,avibase-7C3026CC,,
468,MIRRUF,,avibase-C49FA9A8,,
469,COSANO,,,,
470,ACRBAE,,,,
471,CHLSIM,,avibase-E999FD2D,,
472,SPIFRI,,avibase-53C0293A,,
473,HETRUD,,avibase-2B8E5C63,,
474,CHEALB,,avibase-D3DAD4C2,,
476,PLOBAG,,avibase-BE1FE156,,
477,LINOLI,,avibase-80B649D4,,
479,CERBUR,,avibase-E591A2D7,,
480,CERERY,,avibase-DDDC78BE,,
483,AMMGRA,,avibase-9E0E6D4E,,
484,ERELEU,,avibase-9164F314,,
485,EREVER,,avibase-86EA668E,,
486,EREAUS,,avibase-7391E633,,
487,MELBIM,,avibase-36780791,,
488,CALCIN,,avibase-FCDA4F09,,
490,SPICON,,avibase-1E4143F8,,
491,SPISCL,,avibase-527EE4D4,,
492,ERESTA,,avibase-352A5391,,
493,HIRRUS,4,avibase-58C502EA,,
494,HIRANG,,avibase-B418B155,,
495,HIRALB,,avibase-E7755BD1,,
496,HIRSMI,,avibase-B79D6B3D,,
497,HIRATR,,avibase-CB7FB32A,,
498,HIRDIM,,avibase-0E5AB5F0,,
499,PSEGRI,,avibase-97E7A30B,,
500,CECSEN,,avibase-9185D29D,,
501,CECSEM,,avibase-958F4A5E,,
502,HIRCUC,,avibase-3160A924,,
503,CECABY,,avibase-5ACC908D,,
504,PETSPI,,avibase-7D1AE743,,
506,PTYFUL,,avibase-21E0ADE5,,
507,DELURB,30,avibase-30FEC6BE,,
508,RIPRIP,40,avibase-94A1C447,,
509,RIPPAL,,avibase-D2854489,,
510,RIPCIN,,avibase-1AED683B,,
511,PSAPRI,,avibase-4AC57370,,
512,PSAPRI,,avibase-2745AF6B,,
513,CAMFLA,,avibase-F9031A09,,
514,PARCIN,,avibase-42478D2D,,
515,CORPEC,,avibase-6E682612,,
516,CORCAE,,avibase-C7B05F46,,
517,DICADS,,avibase-11FE7313,,
518,DICLUD,,avibase-E79026DE,,
519,ORIORI,32,avibase-92A772BB,,
520,ORIAUR,,avibase-D4866EAE,,
521,ORILAR,,avibase-BE62734A,,
522,CORALB,,avibase-34D538E1,,
523,CORCAP,,avibase-562E17AB,,
524,CORALB,,avibase-EA326EA2,,
525,PARAFE,,,,
526,PARGRI,,,,
527,PARNIG,,avibase-6EF0803B,,
528,PARCAR,,avibase-CB39188F,,
529,PARRUF,,avibase-5BA4088C,,
530,ANTCAR,,avibase-F44BD4BE,,
531,ANTMIN,,avibase-E6239363,,
532,SALSPI,,,,
533,TURJAR,,avibase-E6576A8D,,
534,TURMEL,,avibase-3D55152D,,
535,TURHAR,,avibase-CD65BECB,,
536,TURBIC,,avibase-1481EF1F,,
537,TURGYM,,avibase-7AB9D354,,
538,PINPLU,,avibase-ECCFBEB5,,
539,ACHPYC,,avibase-35C5E4AF,,
540,CHAFRE,,avibase-EE344F3D,,
541,PHYPLA,,avibase-CF1DDF4E,,
542,LIONIG,,avibase-015542ED,,
543,PYCCAP,,avibase-6234824B,,
544,PYCNIG,,avibase-9EF3E079,,
545,PYCTRI,,,,
546,PHYTER,,avibase-07FD1D4C,,
547,PHYFLA,,avibase-651384DF,,
548,PHYDEB,,avibase-FA137697,,
549,ANDMIL,,avibase-8479F56E,,
550,CHLFLA,,avibase-D083BB3F,,
551,ANDIMP,,avibase-79A45DAF,,
552,TURLIB,,avibase-5D12DEA5,,
554,ANDTEP,,,,
555,ANDMAS,,avibase-6FC57210,,
556,ZOOGUR,,avibase-45C55FDE,,
557,PSOLIT,,avibase-8C5759C5,,
558,ZOOGUT,,avibase-60A39CF9,,
559,MONRUP,,avibase-22E11A7D,,
560,MONEXP,,avibase-CCC257D0,,
561,MONBRE,,avibase-A20D777F,,
562,MONANG,,avibase-57DB5D4E,,
563,OENOEN,22,avibase-DF526047,,
564,OENMON,,,,
565,ANDVIR,,avibase-3413C42C,,
566,CERSCH,,avibase-EA459C8C,,
567,CERGAL,16,avibase-B68BD0D2,,
568,OENPIL,,avibase-E6BD3258,,
569,OENBIF,,,,
570,CERFAM,,avibase-CD8DEBE3,,
571,CERTRA,,avibase-17DEACED,,
572,CERSIN,,avibase-BF0859C5,,
573,THACIN,,avibase-F8B6EC31,,
574,MYRARN,,avibase-535524BE,,
575,MYRFOR,,avibase-400A83B9,,
576,SAXTOR,,avibase-CF2E9674,,
577,SAXRUB,48,avibase-A0EDAEA2,,
578,COSDIC,,avibase-68C54292,,
579,COSNAT,,avibase-3846F8A8,,
580,COSHEU,,avibase-16BD42DD,,
581,COSCAF,,avibase-A38BABE1,,
582,COSHUM,,avibase-94932CDC,,
583,CERCOR,,avibase-B796DBCB,,
584,CERSIG,,avibase-231FD09E,,
585,CERQUA,,avibase-92908926,,
586,CERPAE,,avibase-C1EF6940,,
587,ALECHO,,,,
588,CERLEU,,avibase-B5B6EC7B,,
589,POGSTE,,avibase-230A0342,,
590,SWYSWY,,avibase-3622BD28,,
591,SHEGUN,,avibase-3E4783BA,,
592,LUSLUS,3,avibase-6EC66752,,
593,CICARQ,,avibase-A0A3B03D,,
594,SYLCOM,2,avibase-14AFBA82,,
595,SYLBOR,14,avibase-A6A4FC63,,
596,HIPICT,42,avibase-869C978C,,
597,HIPOLI,15,avibase-791DED18,,
598,LOCFLU,5,avibase-2B020CA0,,
599,PHYTRO,7,avibase-88F4B969,,
600,EREICT,,avibase-183E7FD0,,
601,EREUST,,avibase-35C0145B,,
602,ERESCO,,avibase-0394BA0B,,
603,ACRARU,29,avibase-B283E332,,
604,ACRGRA,,avibase-4AA7817D,,
605,SYLNIS,12,avibase-1EA60B94,,
606,ACRBAE,,,,
607,ACRPAL,1,avibase-B675E006,,
608,ACRSCH,23,avibase-FED5AED5,,
609,BRABAB,,avibase-ED9EE880,,
610,BRABAR,,avibase-6A8A9135,,
611,BRASYL,,avibase-D4F0437E,,
612,BRAVIC,,avibase-E3C55435,,
613,EURSUB,,avibase-216F11D6,,
614,CALFAS,,avibase-A3265EBB,,
615,CALSTI,,avibase-13F7A4F9,,
616,SCHBRE,,avibase-2470FC01,,
617,MELMEN,,avibase-1478AA79,,
618,SPHAFE,,avibase-8EE724E4,,
619,MALPEC,,avibase-A1CA4EB2,,
620,HELERY,,,,
621,SYLRUF,,avibase-BA12CD7F,,
622,APATHO,,avibase-B285E2B0,,
623,APAMEL,,avibase-4FE76868,,
624,APARUD,,avibase-32947D9C,,
625,APAFLA,,avibase-E70F9747,,
626,EREGRE,,avibase-728CFC23,,
627,CAMBRA,,avibase-D87DBD1A,,
628,CAMBRA,,avibase-DC456636,,
629,CISJUN,,avibase-AEE2063F,,
630,CISARI,,avibase-A2C88219,,
631,CISTEX,,avibase-F9FA8D6B,,
632,CISHUN,,avibase-373DCDF4,,
634,CISAYR,,avibase-78573BB2,,
635,CISCIN,,avibase-6F165487,,
636,CISBRA,,avibase-FBDCA962,,
637,CISFUL,,,,
638,CISSUB,,,,
639,CISLAI,,avibase-5FD10562,,
640,CISNJO,,avibase-3B7E808C,,
641,CISRUF,,avibase-F7D5C201,,
642,CISCHI,,avibase-909FEE8A,,
643,CISCAN,,avibase-6B64558B,,
644,CISERY,,avibase-47053A35,,
646,CISTIN,,avibase-F936B680,,
647,CISNAT,,avibase-FB740D14,,
648,CISA.,,,,
649,PRISUB,,avibase-63F72CA7,,
650,PRIFLA,,avibase-10988568,,
652,BRAMAR,,avibase-2605B8BC,,
653,PHRSUB,,avibase-23670191,,
654,MUSSTR,9,avibase-EE8206E7,,
655,MUSADU,,avibase-6E95C4A9,,
656,MUSCAE,,avibase-3B3A6911,,
657,MYIPLU,,,,
658,PARSUB,,,,
659,PARLAY,,,,
660,NAMHER,,avibase-D17B7DA0,,
661,BRAMAR,,avibase-561780A5,,
662,BRAPAL,,avibase-FA03A965,,
663,BRAINF,,avibase-6E8F3B30,,
664,MELPAM,,avibase-8A9A7AAA,,
665,SIGSIL,,avibase-FD391374,,
666,CHLNAT,,,,
667,BIAMUS,,avibase-F1A4B955,,
668,HYLAUS,,avibase-F840409E,,
669,MELCHO,,avibase-373E54E6,,
670,HYLFLA,,avibase-0F82D614,,
671,PHYRUF,,avibase-F6B77E64,,
672,BATCAP,,avibase-9E17E8D0,,
673,BATMOL,,avibase-C5C38D98,,
674,BATPRI,,avibase-982B2C3A,,
675,BATSOR,,avibase-5A58B69A,,
676,BATFRA,,avibase-B9669030,,
677,PLAPEL,,avibase-16935B44,,
678,STESCI,,avibase-D6F5D224,,
679,ERYLIV,,avibase-F6DBAE37,,
680,TROCYA,,avibase-15F017B7,,
681,ELMALB,,avibase-18ED7458,,
682,TERVIR,,avibase-75AAC17B,,
683,BATMIX,,avibase-D91540DE,,
685,MOTAGU,,avibase-CE7D41A6,,
686,MOTCAP,,avibase-4F2CC293,,
688,MOTCLA,,avibase-747B3A52,,
689,MOTFLA,41,avibase-5983D677,,
690,MOTCIN,,avibase-AE073221,,
691,ANTNYA,,,,
692,ANTCIN,,avibase-0D7CC717,,
693,ANTSIM,,avibase-ECFF22D2,,
694,ANTLEU,,avibase-ECC3F122,,
695,ANTVAA,,avibase-3BC778CE,,
696,ANTLIN,,avibase-C69E0E28,,
697,ANTCRE,,avibase-56CB3F84,,
698,ANTTRI,31,avibase-365F5E97,,
699,ANTCAF,,avibase-4C7B3D81,,
700,ANTBRA,,avibase-E6629C69,,
701,ANTCHL,,avibase-71F12B23,,
702,TMETEN,,avibase-B9104F62,,
703,MACCAP,,avibase-CA742F9D,,
704,MACCRO,,avibase-0D9BFED1,,
705,MACAME,,avibase-70129CB1,,
706,LANMIN,,avibase-8852337B,,
708,LANCOL,8,avibase-F2CEFD1A,,
709,LANFER,,avibase-2849059D,,
710,LANBIC,,avibase-1776533D,,
711,LANATR,,avibase-9B33F957,,
712,DRYCUB,,avibase-00855728,,
713,TCHTCH,,avibase-2507F6F4,,
714,TCHAUS,,avibase-4F9D43DE,,
715,TCHSEN,,avibase-022798AB,,
716,TCHMIN,,avibase-7DCA1C1E,,
717,TELOLI,,,,
719,CHLSUL,,avibase-F3DCCA8F,,
720,CHLNIG,,avibase-5CE2F0DC,,
721,CHLVIR,,avibase-ACDC8DEE,,
722,TELZEY,,avibase-D194C523,,
723,MALBLA,,avibase-641068BB,,
724,CORMEL,,,,
725,NICGUL,,avibase-7066D2F1,,
726,LANTOR,,avibase-7DF5859A,,
727,PRIPLU,,avibase-3996ECD0,,
728,PRIRET,,avibase-5B9EA71C,,
729,PRISCO,,avibase-E27EEDC5,,
730,EURANG,,avibase-02C6C2ED,,
731,NILAFE,,avibase-967545BC,,
732,LANFUE,,avibase-EA283BA8,,
733,STUVUL,,avibase-94A44032,,
734,ACRTRI,,avibase-F23A2F38,,
735,CRECIN,,avibase-9D95139B,,
736,CINLEU,,avibase-B1A3AF6C,,
737,LAMNIT,,avibase-57BBB7F1,,
738,LAMCHA,,avibase-7DDB347E,,
739,LAMCHL,,avibase-0AA15ACA,,
740,LAMCOR,,avibase-40781028,,
741,LAMACU,,avibase-D5703E7A,,
742,LAMMEV,,avibase-69598630,,
743,LAMAUS,,avibase-996AF595,,
744,ONYNAB,,avibase-975D0D5D,,
745,ONYMOR,,avibase-508D5CA2,,
746,SPRBIC,,,,
747,BUPAFR,,avibase-5D970425,,
748,BUPERY,,avibase-7471E71D,,
749,PROCAF,,avibase-AEE09552,,
750,PROGUR,,avibase-EDEE3E5C,,
751,NECFAM,,avibase-26F27894,,
752,NECKIL,,avibase-D4F9B273,,
753,NECVIO,,avibase-02B06535,,
754,CINCUP,,avibase-1F21FFE9,,
755,CINMAR,,avibase-5AC9F737,,
756,CINBIF,,avibase-71C72002,,
757,NECSHE,,avibase-68352820,,
758,NECAFR,,avibase-E47FCBF7,,
759,NECMAN,,,,
760,NECCHA,,avibase-679F9748,,
761,NECNEE,,avibase-942E8A93,,
762,CINVEN,,avibase-8E9E45B5,,
763,NECTAL,,,,
764,NECFUS,,avibase-427683B4,,
765,CYAVER,,avibase-C1CBA33A,,
766,CYAOLI,,avibase-EE79A5EF,,
767,CINMED,,avibase-EF6101F4,,
769,ANTREI,,avibase-67F06823,,
770,ANTLON,,avibase-857DCDD5,,
771,HEDCOL,,avibase-1611F295,,
772,CHAAME,,avibase-B022292C,,
774,CHASEN,,avibase-0059A2E0,,
777,ZOSSEN,,avibase-86F34425,,
778,CRISTR,,avibase-580A93C2,,
779,BUBNIG,,avibase-9EB53638,,
780,PLOMAH,,avibase-94C71DF6,,
781,PLOHYB,,,,
782,PLORUF,,avibase-B8B882AE,,
783,PHISOC,,avibase-7799DC8B,,
784,PASDOM,,avibase-240E3390,,
785,PASMOT,,avibase-3E2EFDA6,,
786,PASMEL,,avibase-DEE88DF6,,
788,PETSUP,,,,
789,SPOSQU,,avibase-49802951,,
790,PLOBIC,,avibase-70312286,,
791,PLOOCU,,avibase-CA4839B2,,
792,PLOINT,,avibase-E069A0BB,,
793,ANAMEL,,avibase-4D19099B,,
794,ROWGOU,,avibase-0147433E,,
795,PLOANG,,avibase-7BB02508,,
796,PLORUB,,avibase-01BFAE61,,
797,PLOCUC,,avibase-E8AA9E1C,,
798,PLOBER,,avibase-42F3647E,,
799,PLOCAP,,avibase-9526D2F3,,
800,PLOSUB,,avibase-86BEAFA6,,
801,PLOXAN,,avibase-2D86B0D2,,
802,PLOXAN,,avibase-E72166BD,,
803,PLOVEL,,avibase-A36C5049,,
804,AMBALB,,avibase-C7708C70,,
805,QUEQUE,,avibase-2B6DE136,,
806,QUEERY,,avibase-F8041931,,
807,QUECAR,,avibase-9387DC41,,
808,EUPORI,,avibase-95F08BC3,,
809,EUPHOR,,avibase-7B414273,,
810,EUPCAP,,avibase-97A73D9F,,
811,PLOREI,,,,
812,EUPAFE,,avibase-4A58452B,,
813,EUPARD,,avibase-26618AA1,,
814,EUPALB,,avibase-749E7B3C,,
815,EUPMAC,,avibase-F5E0EA0D,,
816,EUPAXI,,avibase-B08FF959,,
817,ESTRHO,,avibase-6DD8F10F,,
818,EUPPRO,,avibase-3153FE22,,
819,PYRMIN,,,,
820,AMAERY,,avibase-13BE59E4,,
821,AMAFAS,,avibase-CDDA63E0,,
822,SPEFRI,,avibase-64E386FE,,
823,SPECUC,,avibase-142E4CB7,,
824,SPEBIC,,avibase-E358EC8A,,
825,ESTMEL,,,,
826,COCQUA,,avibase-B9BE800C,,
827,MANNIT,,avibase-1A6B766A,,
828,CRYREI,,avibase-E034D9D9,,
829,PYTAFR,,avibase-6A1ED1C2,,
830,PYTMEL,,avibase-01A3BE3C,,
831,HYPMAR,,avibase-7970DC5F,,
832,HYPNIV,,avibase-50490520,,
833,LAGRUB,,avibase-A6034D7F,,
834,CRIREI,,avibase-DE9A742B,,
835,LAGRHO,,avibase-871F32D9,,
836,LAGNIT,,avibase-995975D1,,
837,LAGSEN,,avibase-B4A4E4BF,,
838,AMASUB,,avibase-ECC40D44,,
839,URAANG,,avibase-B40A6BCD,,
840,URAGRA,,avibase-E247988F,,
841,ESTERY,,avibase-842FF43C,,
842,ESTPER,,,,
843,ESTAST,,avibase-61CB98C0,,
844,ORTFUS,,,,
845,PALLOC,,avibase-EF6293B7,,
846,VIDMAC,,avibase-673E66F0,,
847,VIDREG,,avibase-019E8CA3,,
848,DIOAMS,,avibase-D93548A7,,
849,VIDFUN,,avibase-49EF9657,,
850,VIDPUR,,avibase-2AA13F1D,,
851,VIDCHA,,avibase-BA01A793,,
852,VIDPAR,,avibase-ACF0F1A2,,
853,VIDOBT,,avibase-C1A42CCA,,
854,ANOIMB,,avibase-C97A5C39,,
855,PSETOT,,avibase-0B5B5E28,,
856,PSESYM,,avibase-875794B9,,
857,SERCAN,,avibase-E6C3FA67,,
858,SERSCO,,avibase-994D87C2,,
859,CRIMOZ,,avibase-169B483C,,
860,CRIATR,,avibase-D12CDD0F,,
861,SERALA,,avibase-CA9E354B,,
862,PTELES,,avibase-7C787E7D,,
863,CRISUL,,avibase-53A5E91F,,
864,CHIALB,,,,
865,SERALB,,avibase-294A70CC,,
866,SERFLA,,avibase-4746346C,,
867,CRIGUL,,avibase-12E75955,,
868,SERMEN,,,,
869,SERLEU,,,,
870,FRICOE,,avibase-6364E4A5,,
871,EMBIMP,,avibase-6D102D72,,
872,EMBTAH,,avibase-0C571D99,,
873,EMBCAP,,avibase-DE27F1FA,,
874,EMBFLA,,avibase-D1C1A026,,
875,EMBCAB,,avibase-45059BE8,,
876,PHOPAL,,avibase-1819ECCE,,
877,THAANT,,avibase-53518617,,
878,PACSAL,,avibase-A819451A,,
879,PACTUR,,avibase-ED1DDABB,,
880,PACBEL,,avibase-0D885A80,,
881,PUFCAR,,avibase-08F22F84,,
882,PUFPUF,,avibase-5AEDC002,,
883,ARDIDA,,avibase-EA2C460A,,
884,CYGOLO,,avibase-694C127A,,
885,ANAQUE,,avibase-F577BA0F,,
886,ANAACU,,avibase-56CCA717,,
887,FALFAS,,avibase-9A4AA945,,
888,FALCON,,avibase-BD34FDFD,,
889,FALARD,,avibase-3F2BA4F7,,
890,APTFOR,,avibase-58848B71,,
891,SARLUG,,avibase-32CE9C63,,
892,SARBOE,,avibase-EBA9F2C4,,
893,PORMAR,,,,
894,HAEOST,,avibase-ED663165,,
895,CALMEL,,avibase-ACC99F35,,
896,CALALP,,avibase-15369E8E,,
897,CALRUF,,avibase-BBDF2F1B,,
898,GLAOCU,,avibase-AC0F25BB,,
900,LARLEU,,avibase-A7F240E3,,
901,LARSAB,,avibase-86182656,,
902,GELNIL,,avibase-87168739,,
903,CHLNIG,,avibase-115AF02D,,
904,SCHMYO,,avibase-8439A6E7,,
905,POGSIM,,avibase-5238FF10,,
906,INDMEL,,avibase-5B74A911,,
907,CAMSCR,,avibase-C5585051,,
908,PHEBOR,,avibase-6C7BEEC6,,
909,ORICHL,,avibase-4321596C,,
910,CICRUF,,avibase-A27D752A,,
911,ACRSCI,25,avibase-3F0EE474,,
912,ACRRUF,,avibase-C8857CC8,,
913,SYLWHY,,avibase-A9030503,,
914,SYLRUF,,avibase-98D10978,,
915,CISPIP,,avibase-89A3C105,,
916,OREROB,,,,
917,FICALB,,avibase-0B2F8058,,
918,LANSOU,,avibase-94A446EA,,
919,PLOOLI,,avibase-6B5D78CE,,
920,ESTTHO,,avibase-3161DF72,,
921,SERCIT,,avibase-238953D9,,
922,PLUDOM,,avibase-2143A852,,
923,CERMON,,avibase-B8D42059,,
924,DIOEPO,,avibase-4D8C9B97,,
925,RISTRI,,avibase-FB4D08F0,,
926,TRYSUB,,avibase-3A3C62BC,,
927,APACHI,,avibase-F3D1150D,,
928,ANTHOE,,avibase-B855F1E4,,
929,STETRI,,avibase-667C6969,,
930,STELON,,avibase-1D446440,,
931,LARARG,,avibase-F002188E,,
932,LARPIP,,avibase-57C93A74,,
933,CHRRID,,avibase-FB02DD96,,
934,PYGADE,,avibase-4A947BE7,,
935,STEMAX,,avibase-719935EF,,
936,ONYANA,,avibase-E6518B9D,,
937,STESUM,,avibase-9D6704AC,,
938,STEREP,,avibase-CF5C013D,,
939,ANOTEN,,avibase-03F9EB15,,
940,COLLIV,,avibase-BBA263C2,,
941,PSIKRA,,avibase-6B1CFC3C,,
942,MUSROS,,avibase-2C7BA3A6,,
943,PYGANT,,avibase-75B943A3,,
944,APAVIT,,avibase-2F2CB724,,
945,ANDIMP,,avibase-E1B4379F,,
946,ALEFUE,,avibase-4ACA4C5C,,
947,PHYSIB,43,avibase-572C4C7F,,
949,ACRGRI,11,avibase-0D42A253,,
950,LUGBRE,,avibase-62797BD3,,
951,PTEARM,,avibase-8116523B,,
953,PHAAET,,avibase-7EE005BD,,
954,FRAHIL,,,,
955,CHADUB,,avibase-35EC3BBF,,
956,CHAFOR,,avibase-4EBB9A28,,
957,GALGAL,,avibase-9151E0BA,,
958,PYGPAP,,avibase-F2B3BF2A,,
959,ALCQUA,,avibase-A376DE65,,
960,LYBLEU,,avibase-BCA0F974,,
961,PUFTEN,,,,
962,CECDAU,63,avibase-1B08050E,European/African Red-rumped Swallow,Cecropis rufula/melanocrissus
963,HIRRUF,,,,
964,PSAALB,,avibase-88AAE3D3,,
965,PHYCER,,avibase-7CE29E0E,,
966,MYRNIG,,avibase-B55BADC1,,
967,NESERE,,avibase-C740512D,,
968,NEOACU,,,,
969,SYLATR,27,avibase-61F9065B,,
970,STEVIR,,avibase-754993F1,,
971,EUPHAR,,avibase-59E7ABE5,,
972,CALSUB,,avibase-7D629288,,
973,CRICIT,,avibase-D419E3A5,,
974,ANAERY,,,,
975,CHIMIN,,avibase-7C15B681,,
976,LANSEN,,avibase-7E70D490,,
977,LANAET,,avibase-07F940AA,,
978,AYTHYB,,,,
979,BUTRUF,,avibase-CC65921F,,
980,ALECHU,,avibase-87CBEBF7,,
981,LIMFAL,,avibase-0A14882F,,
982,EGRVIN,,avibase-510E9BFA,,
983,EUDCHR,,avibase-2C2BC004,,
984,MACHAL,,avibase-F504C8DE,,
985,CALTEM,,avibase-5ACF7FB3,,
986,PELGEO,,avibase-1838EC86,,
987,APTPAT,,avibase-827A77C7,,
988,VIDWIL,,avibase-0D1546EC,,
989,CORSPL,,avibase-39868903,,
990,CATMAC,,avibase-7D1A9D5C,,
991,PACCRA,,avibase-FF7A685E,,
992,FALELE,56,avibase-9EA1F12D,,
993,PAGNIV,,avibase-BB999943,,
994,BULBUL,,avibase-058773E4,,
995,PHAATR,,,,
996,GALNES,,avibase-75F40338,,
997,CALFUS,,avibase-153BA306,,
998,NESWIL,,avibase-DEF2D638,,
999,ATLROG,,avibase-0712580C,,
1000,VIDCOD,,,,
1002,THABUL,,avibase-F79F09E1,,
1003,LAMIRI,,,,
1004,PHOPHO,39,avibase-06DD9D95,,
1005,STRTUR,,avibase-5788552B,,
1006,ACCNIS,46,avibase-DB376A66,,
1007,MACFUE,,,,
1008,TRIMEL,,avibase-6EB81C98,,
1009,LIMHAE,,avibase-93013964,,
1010,OENISA,26,avibase-E6C6F746,,
1011,BULFAL,,avibase-F501ED18,,
1012,PHOIMM,,avibase-98FB6D4B,,
1013,FREARI,,avibase-09ED7E92,,
1014,TRIFLA,,avibase-2C7A2673,,
1015,EGRCAE,,avibase-11512CF4,,
1016,ANAPLA,,avibase-85625D75,,
1017,AIXGAL,,avibase-E1714A09,,
1018,PUFATR,,,,
1019,OCEMAT,,avibase-6AA236DD,,
1020,FALCOL,,avibase-F3DA111C,,
1021,PAVCRI,,avibase-A8C34DC9,,
1022,FICHYP,,avibase-6E352E18,,
1023,OENPLE,28,avibase-2FB34D83,,
1024,PSICYA,,avibase-109000B4,,
1025,MILMIL,,avibase-451D6FC8,,
1027,SULSUL,,avibase-0A4609D1,,
1028,ANTCER,52,avibase-319D044A,,
1029,GYPRUE,,avibase-76B512B1,,
1030,BALREX,,avibase-47C7FDFD,,
1031,VANSPI,,avibase-F5E92B22,,
1032,AMAAMA,,avibase-F30FC757,,
1033,CALLEU,,avibase-13B165A3,,
1034,MERALB,,avibase-03C4A0C9,,
1035,AFRAFR,,avibase-A6720AF5,,
1036,CENSUP,,avibase-4B2A7A35,,
1037,CERBAR,,,,
1038,CHAAUR,,avibase-CB9159AF,,
1039,PLUFUL,,avibase-07C11CF3,,
1040,MORHYB,,,,
1041,PTENIG,,avibase-AE186136,,
1042,PSIECH,,avibase-69F1E2FC,,
1043,CORTYP,,,,
1044,PYCJOC,,,,
1045,TERBOU,,avibase-3E4F1ABF,,
1046,ZOSBOR,,,,
1047,FOUMAD,,avibase-F7DFA41B,,
1048,FOURUB,,avibase-2F37FD05,,
1049,PRIHYP,,,,
1050,LYBMEL,,avibase-724266B4,,
1051,EREALP,,avibase-DCB079E7,,
1052,LUSPEC,,,,
1053,MOTCIT,,avibase-5B0295C1,,
1054,PHYCOL,60,avibase-F9F4B04D,,
1055,PHYAFF,,avibase-E0C31BA6,,
1056,PRURUB,,avibase-0158561B,,
1057,ANTROS,,avibase-6137BE25,,
1058,BUPHYB,,,,
1059,ANTLON,,,,
1060,COSHAA,,,,
1061,ACCFRA,,,,
1062,ALCLEU,,avibase-4F94B89C,,
1063,MUSAQU,,avibase-77F0C62C,,
1064,BRACAR,,avibase-8CA1A851,,
1065,PLOPEL,,avibase-36C24C3D,,
1066,SERCAP,,avibase-E16846C3,,
1067,CHLGRA,,avibase-25F4FE96,,
1068,CYAVER,,avibase-6DE16262,,
1069,FOUEMI,,avibase-8DE8976D,,
1070,HYPMAD,,avibase-5089E131,,
1071,DICALD,,avibase-0EC8C471,,
1072,DRYCUV,,avibase-41D9C3F5,,
1073,NECSOV,,avibase-D7C2EAB8,,
1074,STRPIC,,,,
1075,ZOSMAD,,avibase-D33950C3,,
1076,TURHYB,,,,
1077,STEHYB,,,,
1078,CHRGEN,,avibase-27CE7132,,
1079,THACAR,,avibase-65882F71,,
1080,DIODAB,,avibase-1048BC8A,,
1081,THASAL,,avibase-25428EB1,,
1082,FALARA,,avibase-36C7BFDE,,
1083,LANCRI,,avibase-E4968582,,
1084,SHEBOC,,avibase-CD0DE547,,
1085,SHEPOL,,avibase-25C26AB9,,
1086,PHYCAB,,avibase-24F71192,,
1087,NEOFRA,,,,
1088,NECBAN,,avibase-ED6CD9D5,,
1089,ESTMEL,,avibase-1E79A7D7,,
1090,ESTPAL,,avibase-1066028B,,
1091,PHYLAU,,avibase-A10F5F87,,
1093,DICMOD,,avibase-36328FB5,,
1094,HORDOH,,,,
1095,NECHAR,,avibase-4834AB04,,
1096,PLOPRI,,avibase-CFC74E20,,
1097,SPELUG,,avibase-9A1A058C,,
1098,AQUCLA,,avibase-BAC4CA22,,
1099,APARUF,,avibase-75E0430B,,
1100,NEOTOR,,avibase-B7F05102,,
1101,CHATHO,,,,
1102,MELUND,,avibase-D17D101A,,
1103,APAFLA,,avibase-0190A968,,
1104,TURSMI,,avibase-0816917D,,
1105,TUROLI,,avibase-3A7D7B07,,
1106,BRALOP,,avibase-8160D091,,
1107,BRACIN,,avibase-523913AE,,
1108,ALEDIA,,,,
1109,ALEPOL,,avibase-8B7A6FE9,,
1110,AMABOC,,,,
1111,ANDLAT,,avibase-728B225E,,
1112,ANDMON,,,,
1113,BAEIND,,avibase-E6A0D208,,
1114,BATRUF,,avibase-438D0DFF,,
1115,BRABAN,,avibase-AD3FBCA9,,
1116,CHARUB,,avibase-2E2DE0B6,,
1117,CINCHO,,avibase-D2B15B3F,,
1118,DREREI,,avibase-D33D2F6D,,
1119,CISDIS,,avibase-6720FA79,,
1120,COSISA,,avibase-DB856F78,,
1121,CRICHL,,avibase-8A90BC6D,,
1122,NECORI,,,,
1124,DRETHO,,,,
1125,DYACON,,avibase-3B66D504,,
1126,ELMALB,,avibase-329CF549,,
1127,ELMLON,,avibase-56209052,,
1128,ELMNIG,,avibase-B01090EF,,
1129,ESTNON,,avibase-2680F124,,
1130,GYMCAL,,avibase-F06B282B,,
1131,HALMAL,,avibase-0D8BDD35,,
1132,INDEXI,,avibase-BFF3AA65,,
1133,KAKPOL,,avibase-FC1BE879,,
1134,LAMORN,,avibase-A7EA21CA,,
1135,LANATR,,avibase-0D6B8ACA,,
1136,LANNEW,,,,
1137,NECNEW,,,,
1138,NEOCON,,avibase-58012642,,
1139,NESSHE,,,,
1140,NIGBIC,,avibase-AD1CBF5A,,
1141,NIGCAN,,avibase-B15F4C49,,
1142,ONYFUL,,avibase-01D755E8,,
1143,ORICRA,,avibase-911FAD1A,,
1144,PARWOO,,avibase-06C33419,,
1145,PHYICT,,avibase-DD741082,,
1146,PHYPOE,,avibase-B6EA8FA2,,
1148,PLACYA,,avibase-E15225F1,,
1149,PLOGRA,,avibase-9569D117,,
1150,PLOINS,,avibase-C649EA57,,
1151,PLOMEL,,avibase-B38CE692,,
1152,PLONIG,,avibase-20D915AD,,
1153,PLOVIT,,avibase-FC6C191F,,
1154,POLLOP,,avibase-D083C7B8,,
1155,PRIBAI,,avibase-C54D2FEE,,
1156,PRIMOL,,avibase-843FF082,,
1158,SASAFR,,avibase-C4DFB5E3,,
1159,CRIBUR,,avibase-8E8B3DB9,,
1160,SERRUF,,avibase-83F51B60,,
1161,SPELEU,,avibase-9A08376E,,
1162,SPEMEL,,avibase-2F6AB5CF,,
1163,SPEHAE,,avibase-3817DA4A,,
1164,TERATR,,avibase-5E520F9D,,
1165,TERRUF,,avibase-0EDEEB49,,
1166,PLOSAN,,,,
1167,TUROLI,,avibase-927299E4,,
1168,TURPEL,,avibase-40A2405D,,
1169,UROEPI,,avibase-9180EEB6,,
1170,ZOSFIC,,avibase-59C09710,,
1171,ZOSPAL,,,,
1172,ZOSCAP,,,,
1173,GEOSTR,,avibase-91C3A5E9,,
1174,ALEPUL,,avibase-576B77A3,,
1175,COPSEC,,avibase-4B41D53C,,
1176,ACRSEC,,avibase-E0E4DFB8,,
1177,NECDUS,,avibase-8449EA0A,,
1178,FOUSEC,,avibase-B55985C7,,
1179,EUPAUR,,avibase-2B94D2D5,,
1180,CHLFAL,,avibase-FCA9F934,,
1181,ILLFUL,,avibase-3805ACAD,,
1182,CERLEU,,avibase-712C7EA0,,
1183,MIRFAS,,,,
1184,SHEGAB,,avibase-F82D1379,,
1185,TOCDAM,,avibase-4C4AADAB,,
1186,PARMAJ,,avibase-E15BC0CB,,
1187,PLONIG,,avibase-55997100,,
1188,CAMNIV,,avibase-02E56D98,,
1189,CAMCHL,,avibase-65393B92,,
1190,SPERUF,,avibase-46A1FC77,,
1191,BLESYN,,avibase-5A94FEAE,,
1192,TERRUF,,avibase-B05E0721,,
1193,ILLALB,,avibase-2D157C82,,
1194,CHLFLA,,,,
1195,NICVIR,,avibase-E386D2EB,,
1200,STRMOL,,avibase-40329BB6,,
1202,AFRCON,,avibase-E9125492,,
1204,ALEBAR,,avibase-D44B2846,,
1206,AMMHEY,,avibase-CD83E49E,,
1208,MARMAD,,avibase-844ABEC0,,
1210,PELALB,,avibase-0EA1D390,,
1212,PELLAT,,avibase-E11585DB,,
1214,PELSCH,,avibase-CE6D7D2F,,
1216,PTEAHA,,avibase-CA53B18D,,
1218,PTEBIC,,avibase-D8267ADE,,
1220,PTECAM,,avibase-D40CAF0C,,
1222,FRACAS,,,,
1224,PTECLA,,avibase-6EB4D5DE,,
1226,PTEERC,,avibase-6C4A6597,,
1228,PTEGRI,,avibase-7A8E73BF,,
1230,PTEHAR,,avibase-02D73B4A,,
1232,PTEICT,,avibase-3EAF578D,,
1234,FRAJAC,,,,
1236,FRALEU,,avibase-90AFDF9E,,
1238,PTENAH,,,,
1240,PTENOB,,avibase-DA7CA265,,
1242,PTEOCH,,avibase-20C06F73,,
1244,PTERUF,,avibase-DB3EB527,,
1246,FRASQU,,,,
1248,PTESWI,,avibase-3A5FE639,,
1250,PTIPET,,avibase-57B05159,,
1252,SCLFIN,,avibase-864723FD,,
1254,FRAPSI,,avibase-FF5BAE30,,
1256,FRASTR,,avibase-5B115F6C,,
1258,XENUDZ,,avibase-58A666ED,,
1260,ACRVUL,,avibase-F7A3FA35,,
1262,AGEMEL,,avibase-E0EE1B89,,
1264,AGENIG,,avibase-38193321,,
1266,GUTPLU,,avibase-374253A6,,
1268,SCLARC,,,,
1270,ANAAME,,avibase-D201EB72,,
1272,ANABER,,avibase-7CBD0D73,,
1274,ANACRE,,avibase-BC6C3CCE,,
1276,ANADIS,,avibase-90E2543E,,
1278,ANAMEL,,avibase-9BA03AF9,,
1280,ANAPEN,,avibase-15EE0D36,,
1282,ANASTR,,avibase-C235A4D7,,
1284,ANSALB,,avibase-466E9077,,
1286,ANSANS,,avibase-4AED44E8,,
1288,ANSERY,,avibase-184D2329,,
1290,ANSFAB,,avibase-BDB497A3,,
1292,ANUEAT,,avibase-8899CF64,,
1294,AYTCOL,,avibase-0783A7EA,,
1296,AYTFER,,avibase-A96692E0,,
1298,AYTFUL,,avibase-67CEA1C1,,
1300,AYTINN,,avibase-691757FF,,
1302,AYTMAR,,avibase-25C94A8F,,
1304,AYTNYR,,avibase-7CF91527,,
1306,BRABER,,avibase-3E04020B,,
1308,BRALEU,,avibase-3163ED86,,
1310,BRARUF,,avibase-0D280B3F,,
1312,BUCCLA,,avibase-68EA281A,,
1314,CYACYA,,avibase-842CC0BC,,
1316,CYGCOL,,avibase-0BCBA6B9,,
1318,CYGCYG,,avibase-BDDB5670,,
1320,MARANG,,avibase-6362936E,,
1322,MELFUS,,avibase-BAF44E36,,
1324,MELNIG,,avibase-24698199,,
1326,MERALB,,avibase-F1F52036,,
1328,MERMER,,avibase-407E2CA8,,
1330,MERSER,,avibase-8DB64266,,
1332,NETRUF,,avibase-3EC2CDA9,,
1334,OXYJAM,,avibase-DF1E2A1D,,
1336,OXYLEU,,avibase-2E40EF2C,,
1338,PTEHAR,,avibase-F28E3EB8,,
1340,TADFER,,avibase-1F9D883E,,
1342,TADTAD,,avibase-5EAB32D3,,
1344,ORTMEI,,avibase-B605A049,,
1346,TURHOT,,,,
1348,TURNIG,,avibase-598966B2,,
1350,INDCON,,,,
1352,INDMAC,,avibase-499B3C64,,
1354,INDPUM,,avibase-C9DFE942,,
1356,INDWIL,,avibase-4373396F,,
1358,MELROB,,avibase-C2B68BD8,,
1360,MELEIS,,avibase-8F2DCF5D,,
1362,MELZEN,,avibase-AD7BD37A,,
1364,PROINS,,avibase-7884F0D6,,
1366,CAMMOM,,avibase-BA63C545,,
1368,CAMCAR,,avibase-01C9752D,,
1370,CAMMAC,,avibase-BD7C4F70,,
1372,CAMNUB,,avibase-70170649,,
1374,CAMPUN,,avibase-390F1E35,,
1376,CAMTUL,,avibase-D2718676,,
1378,DENMAJ,,avibase-D754DB85,,
1380,DENMIN,,avibase-AB2F4BC0,,
1382,DENLUG,,avibase-735D837C,,
1384,DENSPO,,avibase-BC863B3A,,
1386,DENABY,,avibase-33F13BB1,,
1388,DENELA,,avibase-C6F9E5EE,,
1390,DENGAB,,avibase-8B3DF118,,
1392,DENGOE,,avibase-E5DF48FC,,
1394,DENPOE,,avibase-739A97EE,,
1396,DENPYR,,avibase-8E989334,,
1398,DENSYR,,avibase-3F54E5FD,,
1400,DENXAN,,avibase-2700C97D,,
1402,JYNTOR,51,avibase-B2E6AB9F,,
1404,MESELL,,avibase-81934FAF,,
1406,DENGOE,,,,
1408,MESGRI,,,,
1410,PICOBS,,avibase-9FF4EDB5,,
1412,PICVAI,,avibase-42CF31E9,,
1414,BUCDUC,,avibase-56790B57,,
1416,GYMBON,,avibase-95054CA5,,
1418,GYMPEL,,avibase-92757910,,
1420,GYMSLA,,avibase-57F532BB,,
1422,LYBBID,,avibase-439FE608,,
1424,LYBCHA,,avibase-3F31B1D6,,
1426,LYBDUB,,avibase-B3031527,,
1428,LYBGUI,,avibase-0D419595,,
1430,LYBROL,,avibase-7A3818D8,,
1432,LYBRUB,,avibase-C477BEB1,,
1434,LYBUND,,avibase-E0ED3A27,,
1436,LYBVIE,,avibase-7DE8EBBA,,
1438,POGATR,,avibase-90373466,,
1440,POGCOR,,,,
1442,POGLEU,,avibase-7BEB0003,,
1444,POGMAK,,,,
1446,POGSCO,,avibase-EEA161A8,,
1448,POGSUB,,avibase-523991EF,,
1450,STAANC,,avibase-35145A7E,,
1452,TRADAR,,avibase-1953C1D6,,
1454,TRAERY,,avibase-570C1121,,
1456,TRAMAR,,avibase-685CA6D9,,
1458,TRAPUR,,avibase-80BC978E,,
1460,TRAUSA,,,,
1462,TRIDIA,,avibase-3E3AFB25,,
1464,TRIFLA,,,,
1466,TRIFRO,,avibase-73470BDF,,
1468,TRIHIR,,avibase-915DABE2,,
1470,TRILAC,,avibase-F1CCA0AA,,
1472,TRIMEL,,avibase-F03BE6C3,,
1474,BYCALB,,avibase-2F7DCF91,,
1476,BYCATR,,,,
1478,BYCCYL,,avibase-F03111B9,,
1480,BYCELA,,,,
1482,BYCFIS,,,,
1484,BYCSUB,,avibase-02428AC1,,
1486,TOCALB,,,,
1488,TOCCAM,,avibase-53D72911,,
1490,TOCDEC,,avibase-DE36D3BD,,
1492,TOCFAS,,,,
1494,TOCFLA,,avibase-3BCD9CB0,,
1496,TOCHAR,,,,
1498,TOCHEM,,avibase-6D72B23C,,
1500,TOCJAC,,avibase-427D7FD6,,
1502,TOCKEM,,avibase-1ADEF52B,,
1504,TOCPAL,,avibase-235F0000,,
1506,TOCRUA,,avibase-1A34CC23,,
1508,TOCRUF,,avibase-73A7F4D0,,
1510,BUCABY,,avibase-948ED65C,,
1512,UPUEPO,,avibase-FA2F9125,,
1514,UPUMAR,,avibase-B4EA6FB2,,
1516,PHOBOL,,avibase-D1FFB474,,
1518,PHOCAS,,avibase-8CC7216A,,
1520,PHOGRA,,,,
1522,PHOSOM,,avibase-68A80086,,
1524,RHIATE,,avibase-9C69D0FD,,
1526,RHIMIN,,avibase-46847C50,,
1528,APAAEQ,,avibase-9FCF19F5,,
1530,CORABY,,avibase-E7C7EE3A,,
1532,CORCYA,,avibase-306C892E,,
1534,EURGUL,,avibase-8FFDE282,,
1536,ATECRO,,avibase-9D600C9B,,
1538,ATEPIT,,avibase-D5C06D94,,
1540,BRALEP,,avibase-E86394DA,,
1542,BRASQU,,avibase-7821A1F0,,
1544,URACHI,,avibase-88D07E4B,,
1546,LEPDIS,,avibase-BCC6CD0D,,
1548,ALCTHO,,,,
1550,ALCNAI,,,,
1552,ALCATT,,avibase-9505E03D,,
1554,ALCVIN,,,,
1556,ISPLEC,,,,
1558,ISPMAD,,avibase-EDF78342,,
1560,HALBAD,,avibase-BD366A8F,,
1562,HALSMY,,avibase-B30B6781,,
1564,TODCHL,,avibase-5DA28D37,,
1566,MERBRE,,avibase-4A34E9CE,,
1568,MERBUL,,avibase-E6DC5DA1,,
1570,MERGUL,,avibase-3B472CF5,,
1572,MERMAL,,avibase-32E6DB03,,
1574,MERMUE,,avibase-72CAA64D,,
1576,MERNUB,,avibase-2125426A,,
1578,MERORE,,avibase-B85B93BB,,
1580,MERORI,,avibase-759AD1FB,,
1582,MERREV,,avibase-AFA39D5A,,
1584,MERVAR,,avibase-A90C512F,,
1586,COLCAS,,avibase-A7746907,,
1588,COLLEU,,avibase-ADDB3611,,
1590,UROMAC,,avibase-E45D9EB2,,
1592,CERMEC,,avibase-D64491E4,,
1594,CEROLI,,avibase-CB8FBD65,,
1596,CEUAUS,,avibase-3A46A20C,,
1598,CHRFLA,,avibase-A4427701,,
1600,COUCAE,,avibase-B569EDF7,,
1602,COUCOQ,,avibase-39649172,,
1604,COUCRI,,avibase-FCAB4323,,
1606,COUCUR,,avibase-6643841C,,
1608,COUDEL,,avibase-CBAC0BBC,,
1610,COUGIG,,avibase-CAFE4C4C,,
1612,COUREY,,avibase-7B86087B,,
1614,COURUF,,avibase-7F73F191,,
1616,COUSER,,avibase-CC72DA7A,,
1618,COUVER,,avibase-BD0EDFE1,,
1620,CUCROC,,avibase-C2E0717C,,
1622,CENNEU,,avibase-3499657F,,
1624,CENANS,,avibase-120AEEC0,,
1626,CENLEU,,avibase-A0CB9C06,,
1628,CENMON,,avibase-7C879D6D,,
1630,CENTOU,,avibase-6F7BCBE5,,
1632,COCAME,,avibase-0CF12F81,,
1634,AGACAN,,avibase-D4686ACD,,
1636,AGAFIS,,avibase-E1EE00F7,,
1638,AGAPER,,avibase-4396F4F1,,
1640,AGAPUL,,avibase-1E2EC99C,,
1642,AGASWI,,avibase-D44EE47D,,
1644,AGATAR,,avibase-39DAF131,,
1646,CORNIG,,avibase-B8802336,,
1648,CORVAS,,avibase-FCED8B3A,,
1650,POISUA,,,,
1652,POICRA,,avibase-6C96E81B,,
1654,POIFLA,,avibase-8413D9A5,,
1656,POIGUL,,avibase-83D329B5,,
1658,POIRUF,,avibase-69661C7D,,
1660,POISEN,,avibase-D7F9C6B5,,
1662,PSIEQU,,avibase-69F1E2FC,,
1664,PSIERI,,avibase-A20878F0,,
1666,APUSLA,,avibase-8B5BD4F2,,
1668,APUALE,,avibase-1C0A5AD9,,
1670,APUBAL,,avibase-20022FF9,,
1672,APUBAT,,avibase-16A54020,,
1674,APUBER,,avibase-45D3FD5A,,
1676,APUNIA,,avibase-2103011F,,
1678,APUUNI,,avibase-59A5A24E,,
1680,COLELA,,avibase-C983661F,,
1682,COLFRA,,avibase-C831C041,,
1684,NEACAS,,avibase-4CB38AE8,,
1686,RHASAB,,avibase-1E12D857,,
1688,SCHSCH,,,,
1690,TELMEL,,avibase-4B79BD9A,,
1692,ZOOGRA,,avibase-B0A0EA81,,
1694,ZOOTHO,,avibase-66F1256F,,
1696,CORCRI,,avibase-002445CB,,
1698,CORLEU,,avibase-2AA4BC58,,
1700,CORPER,,avibase-215428B0,,
1702,CRIPIS,,avibase-3C3092F9,,
1704,CRIZON,,avibase-10B14696,,
1706,MUSJOH,,,,
1708,MUSVIO,,avibase-3893974C,,
1710,TAULIV,,,,
1712,TAUBAN,,avibase-2226EEC4,,
1714,TAUERY,,avibase-91187A52,,
1716,TAUFIS,,avibase-D5846D2A,,
1718,TAUHAR,,avibase-94214F1C,,
1720,TAULEU,,avibase-FF2AF138,,
1722,TAULEU,,avibase-E1F0E4B5,,
1724,TAUMAC,,avibase-EEC520B0,,
1726,TAUPER,,avibase-0B36500B,,
1728,TAURUS,,,,
1730,TAUSCH,,avibase-C9A1C773,,
1732,PHOPRI,,,,
1734,TYTDET,,,,
1736,TYTSOU,,avibase-BDD10FB1,,
1738,ASIABY,,avibase-250123FB,,
1740,ASIFLA,,avibase-8F123A11,,
1742,ASIMAD,,avibase-D3DBC5EE,,
1744,ASIOTU,,avibase-FC4D40D2,,
1746,ATHNOC,,avibase-9A7B268C,,
1748,BUBASC,,avibase-9FD4D3D9,,
1750,BUBVOS,,,,
1752,BUBBUB,,avibase-5516AEB3,,
1754,BUBCIN,,avibase-0018A99B,,
1756,BUBLEU,,avibase-B55D5658,,
1758,BUBPOE,,avibase-733CBE2A,,
1760,BUBSHE,,avibase-AFF21113,,
1762,GLASJO,,avibase-9C464D6F,,
1764,GLATEP,,avibase-E05A96F3,,
1766,JUBLET,,avibase-15A1DBE8,,
1768,NIXSUP,,,,
1770,OTUBRU,,avibase-08C90B0F,,
1772,OTUCAP,,avibase-427BC65A,,
1774,OTUHAR,,avibase-991885F0,,
1776,OTUICT,,avibase-9CD0C8FE,,
1778,OTUINS,,avibase-0A22AE9B,,
1780,OTUIRE,,avibase-75194A63,,
1782,OTUMOH,,avibase-EDFC0AD6,,
1784,OTUPAU,,avibase-A7509E6E,,
1786,OTUPEM,,avibase-1044DCBD,,
1788,OTURUT,,avibase-C1B0BDEA,,
1790,OTUSCO,36,avibase-2C7AA154,,
1792,PTILEU,,avibase-E561A180,,
1794,SCOBOU,,avibase-E0D3E4C1,,
1796,SCOUSS,,avibase-F07B8BD1,,
1798,STRALU,,avibase-612B4380,,
1800,STRBUT,,avibase-6590EFD4,,
1802,GLAALB,,avibase-AFD0411D,,
1804,CAMSOL,,avibase-4535D9AB,,
1806,CAPNIG,,avibase-AB8E1D95,,
1808,CAPAEG,,avibase-2F7F0244,,
1810,CAPBAT,,avibase-CCA7AB2D,,
1812,CAPBIN,,avibase-BBC51216,,
1814,CAPCLA,,avibase-54494BCE,,
1816,CAPCLI,,avibase-A20EA34D,,
1818,CAPDON,,avibase-D1D9B619,,
1820,CAPENA,,avibase-D0AA9105,,
1822,CAPEXI,,avibase-589694DD,,
1824,CAPFRA,,avibase-E93A0F33,,
1826,CAPINO,,avibase-7C3959D6,,
1828,CAPMAD,,avibase-0F8EB10D,,
1830,CAPNUB,,avibase-626D56E4,,
1832,CAPPRI,,avibase-4B58353A,,
1834,CAPRUF,,avibase-6CC3D04B,,
1836,CAPSTE,,avibase-CE884D49,,
1838,MACLON,,avibase-D36F4D98,,
1840,CAPRUW,,avibase-1DD39E63,,
1842,ALEMAD,,avibase-F87511B3,,
1844,ALESGA,,avibase-E396A643,,
1846,COLALB,,avibase-A1B9BB88,,
1848,COLALB,,avibase-DD7C4C78,,
1850,COLIRI,,avibase-3FC9BA60,,
1852,COLMAL,,avibase-E6393B15,,
1854,COLOEN,,avibase-68E4C0D1,,
1856,COLOLI,,avibase-37B66CCF,,
1858,COLPAL,,avibase-760F307A,,
1860,COLPIC,,,,
1862,COLPOL,,avibase-05BBFC8E,,
1864,COLSJO,,avibase-757ABA94,,
1866,COLTHO,,avibase-8288E54D,,
1868,COLUNI,,avibase-1A145C89,,
1870,STRDEC,,avibase-0C1EFC9B,,
1872,STRHYP,,avibase-3D386DBA,,
1874,STRLUG,,avibase-8770C6A7,,
1876,STRREI,,avibase-65FE8029,,
1878,STRROS,,avibase-273A4A2F,,
1880,STRVIN,,avibase-DDEF7228,,
1882,TREAUS,,avibase-BA5B5935,,
1884,TREPEM,,avibase-1DC1F8E7,,
1886,TRESAN,,avibase-8F575A0E,,
1888,TREWAA,,avibase-46C90944,,
1890,TURABY,,avibase-72B71F11,,
1892,TURBRE,,avibase-0CA6EE59,,
1894,ARDARA,,avibase-6A394479,,
1896,CHLMAC,,,,
1898,CHLUND,,avibase-5714C710,,
1900,LOPGIN,,avibase-968D57F9,,
1902,EUPSAV,,avibase-8F3D1E6F,,
1904,EUPBAR,,,,
1906,LISHAR,,avibase-402E7401,,
1908,EUPHUM,,avibase-1BF89BB6,,
1910,NEOHEU,,avibase-4971D1EF,,
1912,NEONUB,,avibase-22160251,,
1914,OTITAR,,avibase-C6F33176,,
1916,TETTET,,avibase-56E3016D,,
1918,BALPAV,,avibase-31413BFF,,
1920,ANTVIR,,avibase-64DDD14D,,
1922,GRUGRU,,avibase-99B8841E,,
1924,AMAOLI,,avibase-60DB3117,,
1926,CANKIO,,,,
1928,CANOCU,,avibase-AF31F966,,
1930,FULATR,,avibase-B682B2A9,,
1932,HIMHAE,,avibase-8D6E495E,,
1934,PORPAR,,avibase-9106EBE6,,
1936,RALAQU,,avibase-DE1D2DF4,,
1938,RALMAD,,avibase-DBBFE96E,,
1940,ROUROU,,avibase-5889EE23,,
1942,SARINS,,avibase-258E8923,,
1944,SARPUL,,avibase-6EF64F69,,
1946,SARWAT,,avibase-E3A4AF84,,
1948,MESUNI,,avibase-9963109A,,
1950,MESVAR,,avibase-ABDA1FE5,,
1952,MONBEN,,avibase-E3662B23,,
1954,PTEALC,,avibase-493C4CF8,,
1956,PTECOR,,avibase-90194DA5,,
1958,PTEDEC,,avibase-70AFED2C,,
1960,PTEEXU,,avibase-F5DE9155,,
1962,PTELIC,,avibase-F3715F7B,,
1964,PTEORI,,avibase-06B41945,,
1966,PTEPER,,avibase-AFBB3FB7,,
1968,PTEQUA,,avibase-461482EA,,
1970,PTESEN,,avibase-942BC618,,
1972,SYRPAR,,avibase-BDCB55F1,,
1974,ACTMAC,,avibase-0D88C072,,
1976,CALMAR,,avibase-0A0B8431,,
1978,CALPUS,,avibase-F35821AA,,
1980,CALTEN,,avibase-09C51FA9,,
1982,GALMAC,,avibase-11B37CB0,,
1984,GALSTE,,avibase-EE61E2CA,,
1986,LIMSCO,,avibase-CB343E43,,
1988,LYMMIN,,avibase-1A15F0C6,,
1990,NUMTEN,,avibase-7A35DE81,,
1992,SCORUS,,avibase-BFE14290,,
1994,TRISOL,,avibase-D4A73324,,
1996,ACTALB,,avibase-640D2B03,,
1998,BUROED,,avibase-C7DB323E,,
2000,BURSEN,,avibase-85DF723B,,
2002,CHAALE,,avibase-AA4385A2,,
2004,CHASAN,,avibase-9EB06C93,,
2006,EUDMOR,,avibase-20BE9DF1,,
2008,HAEMEA,,avibase-D74FDD2D,,
2010,PLUAPR,,avibase-25A20BA6,,
2012,VANGRE,,avibase-D348C2D6,,
2014,VANLEU,,avibase-A480FDDF,,
2016,VANMEL,,avibase-C76146F3,,
2018,VANSUP,,avibase-881C954D,,
2020,VANTEC,,avibase-D531B5D3,,
2022,VANVAN,,avibase-F029489A,,
2024,CURCUR,,avibase-DE0A72A7,,
2026,CURSOM,,avibase-6091E70B,,
2028,GLACIN,,avibase-B21AF428,,
2030,GLAMAL,,avibase-3222F80F,,
2032,PLUAEG,,avibase-1B28A4B6,,
2034,ALCTOR,,avibase-64F4DD81,,
2036,ALLALL,,avibase-B0932D89,,
2038,CATSKU,,avibase-BB041C6E,,
2040,FRAARC,,avibase-2771624B,,
2042,LARHEU,,avibase-4592C07E,,
2044,LARARM,,avibase-F6951FF7,,
2046,LARATR,,avibase-6CDC3C9C,,
2048,LARAUD,,avibase-F7B9355E,,
2050,LARCAC,,avibase-93CA037F,,
2052,LARCAN,,avibase-00DA9D91,,
2054,LARDEL,,avibase-23863F65,,
2056,LARGLA,,avibase-03AC32BA,,
2058,LARHEM,,avibase-67D43542,,
2060,LARHYP,,avibase-A59FA446,,
2062,LARICH,,avibase-EF930CDC,,
2064,LARMAR,,avibase-E826E9F3,,
2066,LARMEL,,avibase-052BFA8A,,
2068,LARMIN,,avibase-F89FD6E3,,
2070,STESAU,,avibase-4B21F4D8,,
2072,URIAAL,,avibase-39F29B55,,
2074,ACCBRE,,avibase-8492E4B7,,
2076,ACCCAS,,avibase-9D80E72A,,
2078,ACCERY,,,,
2080,ACCFRA,,,,
2082,ACCGEN,,,,
2084,ACCHEN,,avibase-05701150,,
2086,ACCMAD,,avibase-5D673E3E,,
2088,ACCTOU,,,,
2090,AEGMON,,avibase-158BDC90,,
2092,AQUADA,,avibase-69742EE4,,
2094,AQUCHR,,avibase-5F8E7CA8,,
2096,AQUHEL,,avibase-469DCF57,,
2098,AVIMAD,,avibase-C8E60C39,,
2100,BUTRUF,,avibase-45A1D850,,
2102,BUTARC,,avibase-DE8B3F6B,,
2104,BUTAUG,,avibase-A16C3B99,,
2106,BUTBAN,,,,
2108,BUTBRA,,avibase-5CA7B50A,,
2110,BUTLAG,,avibase-90B13ACF,,
2112,BUTORE,,avibase-5BFEFD9A,,
2114,CHERIO,,avibase-22832FF4,,
2116,CIRBEA,,avibase-F4E78AFA,,
2118,CIRGAL,,avibase-8372FFBA,,
2120,CIRCYA,,avibase-F558C7F9,,
2122,CIRMAI,,avibase-02B81454,,
2124,DRYSPE,,avibase-3DA062BF,,
2126,EUTAST,,avibase-D5EF2E20,,
2128,GYPFUL,,avibase-5D1987CE,,
2130,HALALB,,avibase-5A3D91D3,,
2132,HALVOC,,avibase-A877BECE,,
2134,HIEFAS,,avibase-05F11441,,
2136,MELPOL,,avibase-FA3A1F20,,
2138,MILFAS,,,,
2140,PERPTI,,avibase-1192205B,,
2142,POLRAD,,avibase-0513AFBF,,
2144,SPIAFR,,avibase-51FD3E3C,,
2146,UROMAC,,avibase-1C209762,,
2148,FALPEL,,avibase-A113792C,,
2150,FALALE,,,,
2152,FALALO,,avibase-D2CAA18B,,
2154,FALCHE,,avibase-A9F51494,,
2156,FALMAD,,,,
2158,FALNEG,,,,
2160,FALNEW,,avibase-66DD7774,,
2162,FALTIN,,avibase-2DAB45B8,,
2164,FALZON,,avibase-80881CE3,,
2166,PODAUR,,avibase-018B3169,,
2168,PODGRI,,avibase-1CBD2CED,,
2170,TACPEL,,avibase-092C1484,,
2172,TACRUF,,avibase-16E62DC4,,
2174,MORBAS,,avibase-534FB490,,
2176,PHAARI,,avibase-CECC7B26,,
2178,PHAATR,,,,
2180,PHANIG,,avibase-7947E603,,
2182,PHAPYG,,avibase-AFF49475,,
2184,ARDBOU,,,,
2186,ARDHUM,,avibase-A8EE526F,,
2188,EGRDIM,,,,
2190,EGRGUL,,avibase-DF32B1F9,,
2192,EGRTHU,,avibase-AA7901D8,,
2194,IXOSIN,,avibase-1BFBF5D5,,
2196,TIGLEU,,,,
2198,BOSBOC,,avibase-8B771A3B,,
2200,BOSCAR,,avibase-AC5B7A01,,
2202,BOSOLI,,avibase-23ACB56E,,
2204,BOSRAR,,avibase-44E9A521,,
2206,GERERE,,avibase-B20FECE2,,
2208,LOPCRI,,avibase-F6DD994A,,
2210,PLALEU,,avibase-A0A584C1,,
2212,PELCRI,,avibase-7C6D8BA2,,
2214,FREAND,,avibase-67200E8E,,
2216,FREAQU,,avibase-00E090F8,,
2218,FREMAG,,avibase-8AA3B42E,,
2220,SPHMAG,,avibase-3B4B29E0,,
2222,GAVARC,,avibase-CA5852BE,,
2224,GAVIMM,,avibase-7E022378,,
2226,GAVSTE,,avibase-6C50988A,,
2228,CALEDW,,avibase-D6AB20A5,,
2230,DIOSAN,,avibase-1A5E5AE7,,
2232,FULGLA,,avibase-049D9AEA,,
2234,OCECAS,,,,
2236,OCEMON,,avibase-80DE8670,,
2238,PACSAL,,,,
2240,PROCON,,avibase-F2ED14C9,,
2242,PTEATE,,,,
2244,PTEBAR,,avibase-D956176F,,
2246,PTEFEA,,avibase-CFE78BAC,,
2248,PTEMAD,,avibase-A6EA486B,,
2250,PUFBOY,,avibase-C817F455,,
2252,PUFMAU,,,,
2254,PUFYEL,,avibase-192A4260,,
2256,THAERE,,avibase-253271CB,,
2258,PITREI,,avibase-C43C7532,,
2260,PSEGRA,,avibase-B8AE6DAF,,
2262,SMIRUF,,avibase-1F662597,,
2264,SMISHA,,avibase-EE68233F,,
2266,NEOCOR,,avibase-E35838E3,,
2268,NEOHYP,,avibase-07471818,,
2270,PHICAS,,avibase-90A9B4AC,,
2272,PHISCH,,avibase-C0927887,,
2274,CORCOR,,avibase-E44FAD6F,,
2276,EURRUE,,avibase-866D07A0,,
2278,LANCAB,,avibase-836EDA33,,
2280,LANDOR,,avibase-64772F0F,,
2282,LANEXC,,avibase-DB2501EE,,
2284,LANEXC,,avibase-02B6A30C,,
2286,LANGUB,,avibase-26DE1233,,
2288,LANISA,10,avibase-97166F72,,
2290,LANMAC,,avibase-72387112,,
2292,LANMAR,,,,
2294,LANMER,,avibase-EDE09959,,
2296,LANNUB,,avibase-E90CC64A,,
2298,LANSOM,,avibase-F7932185,,
2300,UROMEL,,avibase-56A7F384,,
2302,VIROLI,,avibase-847717E2,,
2304,ARTVIR,,avibase-C141B912,,
2306,BATDIM,,avibase-F2A919A8,,
2308,BATREI,,,,
2310,BATOCC,,avibase-8662B6A1,,
2312,BATDIO,,avibase-B8BAD214,,
2314,BATITU,,avibase-45C905C5,,
2316,BATMAR,,avibase-5D9428D8,,
2318,BATMIN,,avibase-43F4D13C,,
2320,BATMIN,,avibase-90D0D245,,
2322,BATMIN,,avibase-F254EE2D,,
2324,BATORI,,avibase-A6DFFC15,,
2326,BATPER,,avibase-5C9DDB02,,
2328,BATPOE,,avibase-0718A157,,
2330,BATSEN,,avibase-66B40819,,
2332,CALMAD,,avibase-1C857735,,
2334,CALRUF,,avibase-0CAB08FA,,
2336,CAMLOB,,,,
2338,CAMORI,,,,
2340,CAMPET,,avibase-95A02709,,
2342,CAMPHO,,avibase-439F76D1,,
2344,CAMQUI,,avibase-37D0D696,,
2346,CORAZU,,,,
2348,CORCIN,,,,
2350,CORGRA,,,,
2352,CORNEW,,,,
2354,CORCOR,,avibase-B9B272F4,,
2356,CORCOR,,,,
2358,CORCOR,,avibase-E4EE9AC4,,
2360,CORCRA,,avibase-4C6B515D,,
2362,COREDI,,avibase-9DBAAB1D,,
2364,CORFRU,,avibase-1078FFEA,,
2366,CORMON,,,,
2368,CORRHI,,avibase-32C216E2,,
2370,CORRUF,,avibase-F2024545,,
2372,CYAMAD,,avibase-FCBB03B8,,
2374,DICATR,,avibase-28AC53BE,,
2376,DICFOR,,avibase-6B0FC56C,,
2378,DICFUS,,avibase-07612BDC,,
2380,DICWAL,,avibase-EBB4F02C,,
2382,DICMOD,,,,
2384,DRYANG,,avibase-201E1243,,
2386,DRYGAM,,avibase-7DE7F0ED,,
2388,DRYPRI,,avibase-706FEEB4,,
2390,DRYSAB,,avibase-DEE6CC4D,,
2392,DRYSEN,,avibase-AFE5B0C4,,
2394,DYABLI,,avibase-5369EE11,,
2396,DYAALB,,avibase-E8A10389,,
2398,DYACAS,,avibase-8D562259,,
2400,DYATON,,avibase-DA3F921A,,
2402,DYACHA,,avibase-8091726A,,
2404,DYAJAM,,avibase-7DC78D7A,,
2406,ELMALB,,avibase-DB5D1D17,,
2408,ERYHOL,,avibase-847AE7B8,,
2410,ERYMCC,,avibase-9EB7EBA9,,
2412,EURPRE,,avibase-E5EC5D38,,
2414,FALPAL,,avibase-3A343C0C,,
2416,GARGLA,,avibase-D8D10F2C,,
2418,HYPCOR,,avibase-667C4DAB,,
2420,LANPOE,,avibase-73E1A69A,,
2422,LANAMB,,avibase-EB2CB5F5,,
2424,LANBAR,,avibase-5B3BD7A0,,
2426,LANBRA,,avibase-EDE3A983,,
2428,LANERY,,avibase-5E822C9C,,
2430,LANFUN,,avibase-0868B50D,,
2432,LANLEU,,avibase-3402C9BB,,
2434,LANLIB,,,,
2436,LANLUE,,avibase-5AF20251,,
2438,LANMUF,,avibase-1E5D636D,,
2440,LANRUF,,avibase-C59DFD44,,
2442,LANTUR,,avibase-E294BEED,,
2444,LEPCHA,,avibase-AD014578,,
2446,MALALI,,avibase-9941D6E1,,
2448,MALCRU,,avibase-2714B2A7,,
2450,MALGLA,,avibase-5C543B0A,,
2452,MALLAG,,avibase-ADFACA26,,
2454,MALMON,,avibase-AE3EFAF9,,
2456,MEGFLA,,avibase-18A968DB,,
2458,ORIBER,,avibase-68E5CE2D,,
2460,ORIBRA,,avibase-418C7CCB,,
2462,ORIMON,,avibase-B6BCAD32,,
2464,ORINIG,,avibase-DBBB162B,,
2466,ORIPER,,avibase-95A2F6E7,,
2468,PICPIC,,avibase-FBBBA943,,
2470,PLALAT,,avibase-95172DDC,,
2472,PRIALB,,avibase-523B438A,,
2474,PRICAN,,avibase-B1EF3E4F,,
2476,PRIGAB,,avibase-A7E4E1E5,,
2478,PRIPOL,,avibase-1F2F7323,,
2480,PRIRUF,,avibase-1B2AF453,,
2482,PSEWAR,,avibase-7BB35115,,
2484,PTIAFE,,avibase-4C35510F,,
2486,PYRGRA,,avibase-45B512E2,,
2488,PYRPYR,,avibase-18D2C42A,,
2490,RHOCRU,,avibase-8B8AC14A,,
2492,SCHRUF,,avibase-6814C645,,
2494,TCHANC,,,,
2496,TCHJAM,,avibase-FA7A6D02,,
2498,CHLBOC,,avibase-EF5EDE6D,,
2500,CHLDOH,,avibase-0BC36521,,
2502,TELKUP,,,,
2504,TELMUL,,avibase-3703187C,,
2506,TELVIR,,avibase-ACDC8DEE,,
2508,TERBED,,avibase-6E2957C6,,
2510,TERBAT,,,,
2512,TERCOR,,avibase-0CD6A922,,
2514,TERMUT,,avibase-A3A90C35,,
2516,TERSMI,,,,
2518,TRONIT,,avibase-3800DCCF,,
2520,TYLEDU,,avibase-E4E68AA1,,
2522,VANCUR,,avibase-CA9D7671,,
2524,XENDAM,,avibase-4DAB9A41,,
2526,XENPOL,,avibase-01877F66,,
2528,XENXEN,,avibase-FE3B4759,,
2530,ZAVSTR,,avibase-D083CE58,,
2532,TERSMI,,avibase-7C3F7B19,,
2534,PICGYM,,avibase-30365337,,
2536,PICORE,,avibase-C9B244E1,,
2538,CINCIN,,avibase-FDECE3B9,,
2540,ALECAS,,avibase-DA4D7386,,
2542,ALEPOL,,avibase-F71CDDC8,,
2544,BRAMIC,,avibase-E281D783,,
2546,CERDUB,,avibase-B2C33E06,,
2548,CERMEL,,avibase-10E5B18E,,
2550,CERSCO,,avibase-DA3F40DB,,
2552,CERSOR,,avibase-8EB0AB41,,
2554,CERBAR,,,,
2556,CERHAR,,avibase-15B2DD49,,
2558,CERPOD,,avibase-6D92499B,,
2560,CICGUT,,avibase-345658E9,,
2562,COPALB,,avibase-97015904,,
2564,COSROB,,avibase-F95998A8,,
2566,COSALB,,avibase-FA3C53B8,,
2568,COSARC,,,,
2570,COSCYA,,avibase-9616C96E,,
2572,COSHEI,,avibase-B175F364,,
2574,COSNIV,,avibase-BB05D1FC,,
2576,COSSEM,,avibase-53EABB81,,
2578,EMPSEM,,avibase-AB38EDFD,,
2580,ERIRUB,,avibase-C809B2B9,,
2582,FICPAR,,avibase-6A3CA06B,,
2584,FICSEM,,avibase-BE56C141,,
2586,FRACIN,,avibase-EA749CEC,,
2588,FRAOCR,,avibase-8B037156,,
2590,HUMFLA,,avibase-D6E30413,,
2592,IRAGUT,6,avibase-73BD4B29,,
2594,LUSCAL,,avibase-786B0F98,,
2596,LUSMEG,13,avibase-7C7F0DEE,,
2598,LUSSVE,,avibase-AFD6FD81,,
2600,MELFIS,,avibase-3809131C,,
2602,MELBRU,,avibase-167C67BA,,
2604,MELANN,,avibase-A920880B,,
2606,MELARD,,avibase-C25A248F,,
2608,MELEDO,,avibase-F188F8C8,,
2610,MONPRE,,avibase-1876CDAB,,
2612,MONBEN,,,,
2614,MONIME,,avibase-7DFEBA9C,,
2616,MONRUF,,avibase-566669CC,,
2618,MONSAX,20,avibase-736D38E7,,
2620,MONSHA,,avibase-17CE23D4,,
2622,MONSOL,,avibase-41D76F4B,,
2624,MUSITO,,,,
2626,MUSBOE,,,,
2628,MUSCAS,,avibase-A962CA14,,
2630,MUSCOM,,avibase-F21A8321,,
2632,MUSEPU,,avibase-79574FC3,,
2634,MUSGAM,,avibase-7387E828,,
2636,MUSINF,,avibase-AD9EBAC2,,
2638,MUSLEN,,avibase-84E4178E,,
2640,MUSOLI,,,,
2642,MUSSET,,avibase-E78D263C,,
2644,MUSTES,,avibase-6A0D9212,,
2646,MUSUSS,,avibase-79993B33,,
2648,MYIGRI,,avibase-F563FE97,,
2650,MYRAET,,avibase-E09F7223,,
2652,MYRALB,,avibase-CC3B0B59,,
2654,MYRMEL,,avibase-1B6016EC,,
2656,MYRTHO,,avibase-7631D1A3,,
2658,NEOFIN,,,,
2660,NEOPOE,,avibase-0BD37CDF,,
2662,NEORUF,,avibase-90FDC4CC,,
2664,OENHEU,,avibase-6ADB636C,,
2666,OENBOT,,avibase-DB59BA9E,,
2668,OENCYP,,avibase-A3148129,,
2670,OENDES,,avibase-078BC0ED,,
2672,OENFIN,,avibase-3A712A25,,
2674,OENHIS,,avibase-CBB94183,,
2676,OENLEU,,avibase-CAFA98EE,,
2678,OENLEU,,avibase-1C98EA2F,,
2680,OENLUG,,avibase-9EE7BF1C,,
2682,OENLUG,,avibase-5396F9FB,,
2684,OENMOE,,avibase-A9ADB78D,,
2686,OENMON,,avibase-17F2D08C,,
2688,OENPHI,,avibase-631D27EF,,
2690,OENSCH,,,,
2692,OENXAN,,avibase-FB719320,,
2694,PHOMOU,,avibase-7A8D10C0,,
2696,PHOOCH,,avibase-612B5C24,,
2698,PSEBEN,,,,
2700,PSEIME,,avibase-7DFEBA9C,,
2702,PSESHA,,avibase-17CE23D4,,
2704,SAXMAU,,avibase-3380CFC5,,
2706,SAXTEC,,avibase-63C0999F,,
2708,SHEPOE,,,,
2710,SHEAEQ,,avibase-C25F57BD,,
2712,SHECYO,,avibase-65C6355E,,
2714,SHELOW,,avibase-44A7DA22,,
2716,SHEMON,,avibase-F6E72DBC,,
2718,SHESHA,,avibase-9B35BE95,,
2720,STIERY,,avibase-0DD78D2A,,
2722,STIGAB,,,,
2724,STISAN,,,,
2726,STIXAN,,,,
2728,THACOR,,avibase-CFA904C5,,
2730,THASEM,,avibase-6A984F97,,
2732,TURHEL,,avibase-FC085C6D,,
2734,TURLUD,,avibase-8363CB4A,,
2736,TURABY,,avibase-428DA7CD,,
2738,TURBEW,,avibase-9B5CD224,,
2740,TURILI,,avibase-A8A85BCF,,
2742,TURMER,,avibase-88BB4F2A,,
2744,TURPHI,,avibase-D929EB21,,
2746,TURPIL,,avibase-D120D5A0,,
2748,TURROE,,avibase-5A00E5A5,,
2750,TURTEP,,avibase-A0DC8E87,,
2752,TURTOR,,avibase-CE71B4FF,,
2754,TURVIS,,avibase-A95B43F1,,
2756,TURXAN,,avibase-E636E6DC,,
2758,XENANS,,avibase-70F693B6,,
2760,ZOOTAN,,,,
2762,ZOOCAM,,,,
2764,ZOOCRO,,avibase-4745E8A7,,
2766,ZOOOBE,,,,
2768,ZOOPIA,,avibase-C54DCA26,,
2770,ZOOPRI,,avibase-CB1E8753,,
2772,GRATOR,,avibase-D9E58EA7,,
2774,HYLCUP,,,,
2776,HYLPUR,,,,
2778,LAMREG,,avibase-EE674721,,
2780,LAMUNI,,avibase-6BFEA7BE,,
2782,LAMELI,,avibase-951890AD,,
2784,LAMCAU,,avibase-56713D11,,
2786,LAMCHA,,avibase-AEEED5D0,,
2788,LAMHIL,,avibase-621F6E07,,
2790,LAMPUL,,avibase-B92C3566,,
2792,LAMPUR,,avibase-6A0BA87A,,
2794,LAMPUR,,avibase-3BB2565D,,
2796,LAMSHE,,avibase-B24A13C7,,
2798,LAMSPL,,avibase-18B10CF9,,
2800,LAMSUP,,avibase-405CCAAE,,
2802,NEOGUT,,avibase-3F941452,,
2804,ONYHAR,,avibase-01D755E8,,
2806,ONYNEU,,avibase-DB82ABEA,,
2808,ONYALB,,avibase-B3461BEC,,
2810,ONYBLY,,avibase-9F79E839,,
2812,ONYFRA,,avibase-9AD060AA,,
2814,ONYSAL,,avibase-E8DEABBD,,
2816,ONYTEN,,avibase-F2C7AA06,,
2818,ONYWAL,,avibase-E11D6D66,,
2820,CINFEM,,avibase-1350773F,,
2822,PHOSHA,,avibase-D6F2837E,,
2824,POEKEN,,avibase-295B9665,,
2826,POELUG,,avibase-E2FB8C49,,
2828,POESTU,,avibase-AEC1B69C,,
2830,SARAUR,,avibase-9D7AA862,,
2832,SPEBIC,,avibase-D3390C6C,,
2834,SPRALB,,avibase-A77D4A77,,
2836,LAMFIS,,avibase-4FF4CAF8,,
2838,STUUNI,,avibase-B0D81671,,
2840,SITLED,,avibase-5415A0C3,,
2842,TICMUR,,avibase-89C42590,,
2844,CERBRA,,avibase-552E2BA9,,
2846,TROTRO,,avibase-AF700208,,
2848,ANTFLA,,avibase-515353F2,,
2850,ANTMUS,,avibase-6F967270,,
2852,ANTPAR,,avibase-1ED6D9B4,,
2854,ANTPUN,,avibase-5A636137,,
2856,PARGUI,,avibase-5C70AA7D,,
2858,PARPAL,,,,
2860,PARALB,,avibase-C8880D28,,
2862,PARATE,,avibase-166CD440,,
2864,PARCAE,,,,
2866,PARFAS,,avibase-57C44300,,
2868,PARFRI,,avibase-92FDBAF0,,
2870,PARFUN,,avibase-5C54F8C9,,
2872,PARLEU,,,,
2874,PARLEU,,,,
2876,PARTHR,,,,
2878,PHORUS,,avibase-798648B9,,
2880,REMPEN,,avibase-F81EB049,,
2882,HIRDOM,,,,
2884,HIROBS,,avibase-A97BDA84,,
2886,HIRAET,,avibase-42E93B64,,
2888,HIRFUL,,avibase-91BD7FA4,,
2890,HIRLEU,,avibase-29D93FC2,,
2892,HIRLUC,,avibase-F401ECCF,,
2894,HIRMEG,,avibase-BAAFB1BC,,
2896,HIRNIG,,avibase-0116C834,,
2898,HIRNIG,,avibase-10605B6E,,
2900,HIRPER,,avibase-BBDD34B2,,
2902,HIRPRE,,avibase-AC11EBBB,,
2904,HIRRUP,,avibase-6F2AF9D0,,
2906,PHEBRA,,,,
2908,PSAORI,,,,
2910,PSAANT,,avibase-26B6EBCB,,
2912,PSACHA,,avibase-14494C42,,
2914,PSAPRI,,avibase-68AEDCC8,,
2916,PSAMAN,,avibase-4DD302AB,,
2918,PSAOLE,,avibase-D34E0167,,
2920,PSAPET,,avibase-AF36921A,,
2922,PSAPRI,,avibase-E53EB81A,,
2924,PSAFUL,,avibase-F9E192E8,,
2926,PSANIT,,avibase-C780C198,,
2928,PSAOBS,,avibase-8CA8B659,,
2930,PSEEUR,,avibase-F0C6A985,,
2932,RIPCON,,avibase-635B5E24,,
2934,REGIGN,,,,
2936,REGREG,,avibase-1C51C109,,
2938,ANDCHL,,,,
2940,ANDCHL,,,,
2942,ADRNIG,,,,
2944,ANDANS,,avibase-0EA5F2E1,,
2946,ANDCUR,,avibase-0B325B7F,,
2948,ANDGRA,,avibase-5D82C13B,,
2950,ANDGRA,,avibase-486103D7,,
2952,ANDKAK,,,,
2954,ANDKIK,,,,
2956,ANDOLI,,avibase-9A80B57C,,
2958,ANDSTR,,,,
2960,BAECLA,,avibase-C6833BA9,,
2962,BLECAN,,avibase-D4B9EE90,,
2964,BLEEXI,,avibase-68043A88,,
2966,BLENOT,,,,
2968,BLEUGA,,avibase-1D9175EA,,
2970,CALSER,,avibase-3B3C39F1,,
2972,CHLLAE,,avibase-4602AC01,,
2974,CHLPRI,,avibase-38652F17,,
2976,CHLSIM,,avibase-D3D4D1B7,,
2978,CRIBAR,,avibase-0F97A356,,
2980,CRICAL,,avibase-F8104BC1,,
2982,CRINDU,,avibase-6A110710,,
2984,CRIOLI,,avibase-439C4BC9,,
2986,HYPBOR,,avibase-E55C03F8,,
2988,HYPCRA,,avibase-5E2E4545,,
2990,HYPOLI,,avibase-650CC5B3,,
2992,HYPPAR,,avibase-105A8F99,,
2994,IXOGUT,,avibase-33703E6F,,
2996,NICCHL,,avibase-6413CE1A,,
2998,PHYFIS,,avibase-2DA2C52F,,
3000,PHYALF,,avibase-ACB92E07,,
3002,PHYALB,,avibase-7927D0DD,,
3004,PHYAPP,,,,
3006,PHYBAU,,avibase-D5A35997,,
3008,PHYCIN,,,,
3010,PHYFUL,,avibase-146387FC,,
3012,PHYHYP,,avibase-2E3D5AAF,,
3014,PHYLEU,,,,
3016,PHYLOR,,avibase-4B94ECF0,,
3018,PHYMAD,,,,
3020,PHYPOL,,avibase-04A5B0F9,,
3022,PHYSCA,,avibase-E781F61C,,
3024,PHYSTR,,avibase-29820AD9,,
3026,PHYTEN,,,,
3028,PHYXAV,,avibase-1D1C9EDA,,
3030,PHYZOS,,,,
3032,PYCDOD,,avibase-B2F86107,,
3034,PYCSOM,,avibase-958DA0E0,,
3036,PYCBAR,,avibase-6ABDB635,,
3038,PYCXAN,,avibase-24B66475,,
3040,THELEU,,avibase-EBE56736,,
3042,ANDFUS,,,,
3044,BLENOT,,,,
3046,HYPAMP,,avibase-D08193E0,,
3048,ANDNEU,,avibase-8EDD570A,,
3050,APAVIR,,avibase-E9C82DFF,,
3052,APAKAB,,avibase-3454B218,,
3054,APAARG,,avibase-D20B632B,,
3056,APAFAS,,avibase-D5549C6D,,
3058,APALYN,,avibase-A3869D21,,
3060,APAALT,,avibase-D6C2BFD2,,
3062,APABAM,,avibase-C3B16DBB,,
3064,APABIN,,avibase-1B4DA358,,
3066,APACHA,,avibase-6687AA29,,
3068,APACHA,,avibase-184BA213,,
3070,APACIN,,avibase-7A8A8FCF,,
3072,APAGOS,,avibase-3D6CB174,,
3074,APAJAC,,avibase-1ABAB622,,
3076,APAKAR,,avibase-174A4C00,,
3078,APANIG,,avibase-DA2072A7,,
3080,APAPER,,avibase-0ABADB0F,,
3082,APAPOR,,avibase-E8F03B18,,
3084,APAPUL,,avibase-91FD087B,,
3086,APARUW,,,,
3088,APASHA,,avibase-770308E9,,
3090,CALSIM,,avibase-0195CFDD,,
3092,CALUND,,avibase-1E7CADC2,,
3094,CAMSUP,,avibase-63220C79,,
3096,CISINC,,,,
3098,CISABE,,avibase-AB6AE581,,
3100,CISLEP,,avibase-2EBCA2C5,,
3102,CISANG,,avibase-9CE4FC4C,,
3104,CISDIS,,avibase-52B4F230,,
3106,CISANG,,avibase-BB348384,,
3108,CISABE,,avibase-3C79F1AC,,
3110,CISANO,,avibase-01CFA60A,,
3112,CISBOD,,avibase-F8469E3F,,
3114,CISBRU,,avibase-006667E7,,
3116,CISBUL,,avibase-F550D7D6,,
3118,CISCAR,,avibase-2C6D5362,,
3120,CISCHE,,avibase-84C80AC6,,
3122,CISCHU,,avibase-4849AA43,,
3124,CISCIN,,avibase-71F6A3F0,,
3126,CISDAM,,avibase-9F281377,,
3128,CISDOR,,avibase-6078DEED,,
3130,CISEXI,,avibase-53E61277,,
3132,CISHAE,,avibase-E88C0B71,,
3134,CISHAE,,avibase-C08493AF,,
3136,CISLAT,,avibase-5A184029,,
3138,CISLUA,,avibase-846B8B31,,
3140,CISLUG,,avibase-3DF3F9B9,,
3142,CISGAL,,avibase-D74437DE,,
3144,CISMEL,,avibase-388BABD6,,
3146,CISNAN,,avibase-BF29E8B6,,
3148,CISNIG,,avibase-9C320DCB,,
3150,CISRES,,avibase-2E0E6C82,,
3152,CISROB,,avibase-D3B1A98B,,
3154,CISRUF,,avibase-8338F12F,,
3156,CISRUF,,avibase-81851E47,,
3158,CISSP.,,avibase-43B615B3,,
3160,CISSP.,,,,
3162,CISSP.,,avibase-69045C0B,,
3164,CISTRO,,avibase-844A290B,,
3166,CISWOO,,avibase-5BD1E605,,
3168,DRYINC,,avibase-E1936846,,
3170,EMILEP,,avibase-31E5F1E9,,
3172,GRAVIT,,avibase-07AE29DF,,
3174,HYPATR,,avibase-31557605,,
3176,PHYPUL,,avibase-DFC5A27D,,
3178,PRILEO,,,,
3180,SHILEU,,avibase-95B6C7C5,,
3182,PRIMEL,,avibase-C0563761,,
3184,PRIFLU,,avibase-1CB41EB5,,
3186,PRIGRA,,avibase-0FB5894F,,
3188,PRISOM,,avibase-319F6754,,
3190,SCOINQ,,avibase-FCF07F05,,
3192,URORUF,,,,
3194,SPISPI,,avibase-2A88D0BC,,
3196,SPEBRU,,avibase-5784EE2F,,
3198,ZOSABY,,avibase-8C2C2D5B,,
3200,ZOSCHL,,avibase-094FE346,,
3202,ZOSGRI,,avibase-19ABB1C4,,
3204,ZOSKUL,,,,
3206,ZOSMAY,,avibase-A2DA598E,,
3208,ZOSMOD,,avibase-FDCF5A86,,
3210,ZOSMOU,,avibase-7BB0A730,,
3212,ZOSOLI,,avibase-769F157D,,
3214,ZOSPOL,,avibase-A2ED4AA2,,
3216,ZOSSIL,,avibase-B24BD4A1,,
3218,ZOSSTE,,avibase-28458566,,
3220,ZOSVAU,,avibase-E359D080,,
3222,ZOSWIN,,avibase-EF6C3AEF,,
3224,ACRAED,,avibase-213C212A,,
3226,ACRBRE,,avibase-AAABFBE8,,
3228,ACRMEL,,avibase-E1559C49,,
3230,ACRNEW,,avibase-6ED7C46F,,
3234,ACRROD,,avibase-DDF77AB5,,
3236,ACRSTE,,avibase-D793DF5A,,
3238,AMPSEE,,,,
3240,ARCORO,,,,
3242,BATWIN,,,,
3244,BATCER,,avibase-8EDC9B24,,
3246,BRAALF,,,,
3248,BRAGRA,,avibase-4761DFE7,,
3250,BRAGRA,,avibase-1DC48058,,
3252,CETCET,,avibase-F3E9CE95,,
3254,CROXAN,,avibase-8A7929D9,,
3256,CRYRAN,,avibase-DBD188EF,,
3258,DROBRU,,,,
3260,ERESAL,,avibase-77FE6CF2,,
3262,ERECAN,,avibase-75932535,,
3264,EREATR,,avibase-A6275491,,
3266,EREBAD,,avibase-17767237,,
3268,EREFLA,,avibase-D46EE5F8,,
3270,EREPUS,,avibase-330BEC7E,,
3272,ERETUR,,avibase-7D340BF9,,
3274,HEMNEU,,avibase-D86EAD92,,
3276,HIPLAN,18,avibase-B10AD127,,
3278,HIPPAL,17,avibase-BAE527A2,Eastern Olivaceous Warbler,Hippolais pallida
3280,HIPPOL,,avibase-DCDD1BCA,,
3282,HYLPRA,,avibase-98BA31AA,,
3284,HYLUSU,,,,
3286,HYLVIO,,avibase-9187C7FC,,
3288,ILLCLE,,avibase-58BB1A14,,
3290,ILLPUV,,avibase-0058E798,,
3292,ILLPYR,,avibase-596BDE51,,
3294,ILLRUF,,avibase-640FA04F,,
3296,ILLRUF,,avibase-64078193,,
3298,KUPCHA,,,,
3300,KUPGIL,,avibase-AD7B6E81,,
3302,KUPRUF,,,,
3304,LOCLUS,53,avibase-2D46BB98,,
3306,LOCNAE,,avibase-BC0E4C9F,,
3308,MACCON,,avibase-E5CA98CA,,
3310,MACFLA,,avibase-931B81D9,,
3312,MACKEM,,avibase-CE04A51B,,
3314,MACKRE,,avibase-D8BFA987,,
3316,MACPUL,,avibase-AD967279,,
3318,MODSTI,,avibase-3ADCF52E,,
3320,MYSCRO,,avibase-9E483E48,,
3322,NEOFLA,,avibase-3BDC2A16,,
3324,NEOSTR,,avibase-6FD7A5BC,,
3326,NEOTEN,,avibase-62D4A4C8,,
3328,NEOVIR,,avibase-CF4FB76D,,
3330,NESALD,,avibase-63136DAC,,
3332,NESBRE,,avibase-D9E1EA36,,
3334,NESLON,,,,
3336,NESMAR,,avibase-0525E604,,
3338,NESSP.,,avibase-F530CA35,,
3340,NESTYP,,avibase-B37EFDE7,,
3342,NEWAMP,,avibase-57F73C4A,,
3344,NEWARC,,avibase-E4B78086,,
3346,NEWBRU,,avibase-4C71BFD5,,
3348,NEWFAN,,avibase-B42659F8,,
3350,ORTMET,,,,
3352,ORTMOR,,,,
3354,OXYMAD,,avibase-8670BFA8,,
3356,PARBOE,,avibase-982C918E,,
3358,PARLUG,,avibase-16FEF081,,
3360,PARGRI,,,,
3362,PARGAL,,avibase-B1400E68,,
3364,PHYATR,,avibase-7827B822,,
3366,PHYBON,,avibase-C00674ED,,
3368,PHYBRE,,avibase-12EE678E,,
3370,PHYBUD,,avibase-132E0773,,
3372,PHYFUS,,avibase-96819591,,
3374,PHYHER,,avibase-7CECD0FB,,
3376,PHYINO,,avibase-0C120038,,
3378,PHYLAE,,avibase-A75DF142,,
3380,PHYSCH,,avibase-9A536399,,
3382,PHYUMB,,avibase-E22B8495,,
3384,PSEABY,,,,
3386,PTYTUR,,avibase-874C8B3C,,
3388,PYLPRO,,,,
3390,RANPSE,,avibase-317D64AD,,
3392,SYLALT,,,,
3394,SYLCAN,,,,
3396,SYLCON,,avibase-BFECF5F8,,
3398,SYLCRA,,avibase-37015E61,,
3400,SYLCUR,,avibase-0DCD05BE,,
3402,SYLDES,,avibase-D5AEADF4,,
3404,SYLDES,,avibase-D1EF4402,,
3406,SYLHOR,,,,
3408,SYLLEU,,,,
3410,SYLMEL,,avibase-B0D09483,,
3412,SYLMEL,,avibase-94E23F51,,
3414,SYLMYS,,avibase-AA027706,,
3416,SYLNAN,,,,
3418,SYLRUE,,,,
3420,SYLSAR,,avibase-6E1206E4,,
3422,SYLUND,,avibase-85629EF4,,
3424,SYLCHA,,avibase-1D1CA9F7,,
3426,SYLBRA,,avibase-7542C6F1,,
3428,SYLDEN,,avibase-AA48D853,,
3430,SYLISA,,avibase-6B9529AE,,
3432,SYLLEU,,avibase-489FFCA9,,
3434,SYLPHI,,avibase-0B44E704,,
3436,SYLVIR,,avibase-83E5801B,,
3438,THACHL,,avibase-FEC92F47,,
3440,TURAYL,,avibase-987C8F6E,,
3442,TURFUL,,,,
3444,TURHIN,,avibase-224B2B08,,
3446,TURHYP,,avibase-B0F2FB67,,
3448,TURLEU,,,,
3450,TURLEU,,,,
3452,TURPLE,,avibase-6EBDD2D5,,
3454,TURREI,,avibase-D5BF7D2F,,
3456,TURRUB,,avibase-861DA135,,
3458,TURSHA,,avibase-7350FE4C,,
3460,TURSQU,,avibase-E99FE2FE,,
3462,TURSQU,,avibase-0E9C6F45,,
3464,TURTEN,,avibase-775C66B9,,
3466,ALAALA,,avibase-3E4513D9,,
3468,ALAHAM,,avibase-8A913C34,,
3470,ALAARV,,avibase-ED2AC04E,,
3472,ALARAZ,,avibase-359C16F5,,
3474,AMMCIN,,avibase-20A0844D,,
3476,AMMDES,,avibase-A977348D,,
3478,CALBLA,,avibase-7F3B3206,,
3480,CALERL,,,,
3482,CALATH,,,,
3484,CLASOM,,avibase-61CECCA7,,
3486,CALBRA,,avibase-4091A51E,,
3488,CALRUF,,,,
3490,CHEBEE,,avibase-9BEA5037,,
3492,CHEDUP,,avibase-504B0218,,
3494,EREDUN,,avibase-E75ECF62,,
3496,EREALP,,avibase-FC0A1D95,,
3498,EREBIL,,avibase-89FCE277,,
3500,ERELEU,,avibase-97D7865F,,
3502,ERENIG,,avibase-8C357822,,
3504,ERESIG,,avibase-2F66131B,,
3506,GALCRI,,avibase-21ADC3ED,,
3508,GALMOD,,avibase-0E6D5DBE,,
3510,GALTHE,,avibase-5351025C,,
3512,HETARC,,avibase-216207A9,,
3514,HETSID,,,,
3516,LULARB,,avibase-742EC2F1,,
3518,MELCAL,,avibase-BDC24A8A,,
3520,MIRPOE,,avibase-99F447AD,,
3522,MIRALO,,,,
3524,MIRSHA,,,,
3526,MIRNAE,,,,
3528,MIRALB,,avibase-8E612CF6,,
3530,MIRANG,,avibase-CA07B8DE,,
3532,MIRASH,,,,
3534,MIRCAN,,avibase-5BFC242D,,
3536,MIRCOL,,avibase-D0EAD8A3,,
3538,MIRCOR,,avibase-67F96AAB,,
3540,MIRDEG,,,,
3542,MIRGIL,,avibase-A3E077E6,,
3544,MIRHOV,,avibase-E6FDE8D9,,
3546,MIRHYP,,avibase-5F213A7D,,
3548,MIRMAL,,,,
3550,MIRMAR,,,,
3552,MIRPUL,,avibase-F22CCF78,,
3554,MIRRUF,,avibase-DA66F809,,
3556,MIRSOM,,,,
3558,MIRWIL,,avibase-4E61514C,,
3560,PINERY,,avibase-148AA192,,
3562,PSEFRE,,avibase-1AF3034A,,
3564,RAMCLO,,avibase-9ADB6BA5,,
3566,SPIOBB,,avibase-D7A55FB3,,
3568,SPIPER,,avibase-419AEB97,,
3570,ANTAXI,,avibase-D34970F5,,
3572,ANTMET,,avibase-8333D907,,
3574,HEDPAL,,avibase-0B4F3AA2,,
3576,HEDPLA,,avibase-B0E7740F,,
3578,ANTANC,,avibase-1DA9FFC9,,
3580,ANTAUR,,avibase-74D67BDB,,
3582,ANTFRA,,,,
3584,ANTGAB,,avibase-C13861D6,,
3586,ANTNEG,,avibase-56C6CBA8,,
3588,ANTORI,,avibase-2D0C83B2,,
3590,ANTORI,,avibase-2D0C83B2,,
3592,ANTREC,,avibase-3429B283,,
3594,ANTRUB,,avibase-8C506F22,,
3596,CINSP,,,,
3598,NECFUE,,avibase-411ECD6F,,
3600,CINUSA,,avibase-CBA39A29,,
3602,NECREI,,avibase-9B953393,,
3604,NECADE,,avibase-59EE3B94,,
3606,NECBAL,,avibase-98E4ABFF,,
3608,NECFUL,,avibase-23BEFB19,,
3610,CHAHUN,,avibase-8F052626,,
3612,NECLUD,,,,
3614,NECSTU,,,,
3616,NECSTU,,,,
3618,NECSTU,,avibase-5D8A4ACA,,
3620,NECMOR,,avibase-B929416B,,
3622,NECBAT,,avibase-DD180188,,
3624,NECBOC,,avibase-F500EA53,,
3626,CINBOU,,avibase-693FC6FD,,
3628,CINCHA,,avibase-9CDA630C,,
3630,NECCOC,,avibase-48EC6C78,,
3632,NECCOM,,avibase-0D9CEEA0,,
3634,NECCON,,,,
3636,NECCOQ,,avibase-A3D7FDD3,,
3638,CINERY,,avibase-4C428439,,
3640,CINHAB,,,,
3642,NECHUM,,avibase-308AEC0F,,
3644,NECJOH,,avibase-3D3EF8AC,,
3646,NECJOH,,avibase-D91BCC1B,,
3648,NECLOV,,avibase-85666B49,,
3650,NECMIN,,avibase-6F3E5C98,,
3652,NECNOT,,,,
3654,NECOSE,,,,
3656,NECOUS,,,,
3658,NECPEM,,avibase-8427E71F,,
3660,CINREI,,avibase-A6083057,,
3662,NECPUR,,avibase-0F533AC6,,
3664,NECREG,,avibase-F995313F,,
3666,NECROC,,avibase-D88A2E02,,
3668,NECRUF,,avibase-E3B9A841,,
3670,NECSEI,,avibase-1B29AD28,,
3672,CINSUP,,avibase-7C8BC7CF,,
3674,NECTAC,,avibase-FAFA576B,,
3676,CINTSA,,avibase-17DE4B1F,,
3678,NECURS,,,,
3680,NECALI,,,,
3682,NECCYA,,avibase-36A24C79,,
3684,CINNEC,,avibase-7C822074,,
3686,CINPUL,,avibase-718A3B70,,
3688,MARSHA,,avibase-FED54E53,,
3690,ANTCAM,,avibase-29A6C2E1,,
3692,ANTLAT,,avibase-94DF8A02,,
3694,ANTBAN,,avibase-3E3E0327,,
3696,ANTCAM,,avibase-250CDA58,,
3698,ANTMEL,,avibase-D8A51184,,
3700,ANTPAL,,avibase-1DD0949C,,
3702,ANTPET,,avibase-E1CBB1C2,,
3704,ANTPRA,,avibase-14873249,,
3706,ANTPSE,,,,
3708,ANTRIC,,avibase-41ECD10E,,
3710,ANTRUB,,avibase-CDA2E56B,,
3712,ANTSOK,,avibase-19489268,,
3714,ANTSPI,,avibase-0A3FA185,,
3716,BRAANO,,avibase-D76AC221,,
3718,BUBALB,,avibase-864D4A4F,,
3720,CARBRA,,avibase-B1A5B22C,,
3722,CLYMON,,avibase-BD7558AD,,
3724,CRYJAC,,avibase-7E6DF5D5,,
3726,CRYSAL,,avibase-98B15EE7,,
3728,CRYSHE,,avibase-1C1A87C4,,
3730,DINDIN,,avibase-00B07B12,,
3732,ESTNIG,,,,
3734,ESTCHA,,avibase-50BF77FB,,
3736,ESTOCH,,avibase-8E269F21,,
3738,ESTPOL,,avibase-A25AFBEA,,
3740,ESTKAN,,avibase-C38DEB1A,,
3742,ESTCAE,,avibase-174BFAB6,,
3744,ESTTRO,,avibase-D30DC715,,
3746,EUPDIA,,avibase-95A724BE,,
3748,EUPFRA,,avibase-3D122849,,
3750,EUPGIE,,avibase-CC7862AF,,
3752,EUPJAC,,avibase-87071086,,
3754,EUPNIG,,avibase-A31AC101,,
3756,EUPPSA,,,,
3758,EUSCIN,,avibase-F729393B,,
3760,EUSDYB,,avibase-76B35118,,
3762,FOUFLA,,avibase-CC3F83AD,,
3764,FOUOMI,,avibase-FD358454,,
3766,HISRUF,,avibase-FD2FEFFD,,
3768,LAGRUF,,avibase-43FE4788,,
3770,LAGUMB,,,,
3772,LAGVIR,,,,
3774,LAGLAN,,avibase-C1898D74,,
3776,LAGLAR,,avibase-88C74BEE,,
3778,LAGRAR,,avibase-27012CC9,,
3780,LAGSAN,,avibase-25D648E7,,
3782,LEMNAN,,,,
3784,EUOCAN,,avibase-FC6A9CD0,,
3786,MACAUR,,avibase-F774B577,,
3788,MACFLA,,avibase-05AE5DFF,,
3790,MACGRI,,avibase-E05608A4,,
3792,MALFLA,,,,
3794,MALBAL,,,,
3796,MALCAS,,avibase-6E20B613,,
3798,MALCOR,,avibase-7B17318C,,
3800,MALERY,,avibase-A41AEDC9,,
3802,MALIBA,,avibase-228DDFAD,,
3804,MALMAL,,avibase-D0203B65,,
3806,MALNIT,,avibase-E27AFD14,,
3808,MALRAC,,avibase-EA26AF30,,
3810,MALRUB,,avibase-960B56F2,,
3812,MALSCU,,avibase-13AA5A5C,,
3814,MOTSUB,,avibase-24956ECB,,
3816,MOTALB,,avibase-400E032C,,
3820,NESANS,,avibase-99453701,,
3822,NESCAP,,avibase-2AD189C1,,
3824,NIGFUS,,avibase-F3B46894,,
3826,NIGLUT,,avibase-AE4727FB,,
3828,ORTGAB,,avibase-DC4298E8,,
3830,PLOSUP,,avibase-0405CA69,,
3832,PARRUB,,avibase-6B6E52A1,,
3834,PASGON,,,,
3836,PASSUA,,,,
3838,PASSWA,,,,
3840,PASRUF,,avibase-DBAB527C,,
3842,PASCAS,,avibase-1D25E0DB,,
3844,PASCOR,,avibase-A3D20D11,,
3846,PASEMI,,avibase-D8F2F78B,,
3848,PASEUC,,avibase-24E0C8A6,,
3850,PASGON,,avibase-DB4998D1,,
3852,PASGRI,,avibase-E10D0809,,
3854,PASHIS,,avibase-5A8E09A1,,
3856,PASIAG,,avibase-ECD1267B,,
3858,PASINS,,avibase-E2E3F3F4,,
3860,PASLUT,,avibase-4C373DA1,,
3862,PASMOA,,avibase-7D19D9ED,,
3864,PASMON,,avibase-C22FBF8D,,
3866,PASSHE,,avibase-126E0CFA,,
3868,PASSIM,,avibase-B4037E8F,,
3870,PETDEN,,,,
3872,PETPET,,avibase-F8748F12,,
3874,PETPYR,,,,
3876,PLODON,,avibase-5011E123,,
3878,PLOSUP,,avibase-2C504059,,
3880,PLORUW,,,,
3882,PLOKAT,,avibase-637795BE,,
3884,PLOALB,,avibase-E6E4F15D,,
3886,PLOALI,,avibase-63A997EA,,
3888,PLOAUR,,avibase-2C42345F,,
3890,PLOAUR,,avibase-79264A96,,
3892,PLOBAD,,avibase-6E00B2C6,,
3894,PLOBAN,,avibase-8F52076C,,
3896,PLOBAT,,avibase-8395D0B4,,
3898,PLOBOJ,,avibase-F40197D6,,
3900,PLOBUR,,avibase-98820857,,
3902,PLOCAS,,avibase-2379E3EB,,
3904,PLOCAS,,avibase-F9FB0226,,
3906,PLODIC,,avibase-2E4A97D9,,
3908,PLODOR,,avibase-C34E4EF3,,
3910,PLOGAL,,avibase-9F7489D0,,
3912,PLOGOL,,avibase-2A2CC7B3,,
3914,PLOHEU,,avibase-D8E67602,,
3916,PLOJAC,,avibase-DF0759C0,,
3918,PLOLUT,,avibase-1373D324,,
3920,PLOMAN,,avibase-29FF745B,,
3922,PLOMEL,,avibase-19D053B3,,
3924,PLONEL,,avibase-263E6762,,
3926,PLONIC,,avibase-ECDFEAF6,,
3928,PLONIG,,avibase-9FB7D020,,
3930,PLOPRE,,avibase-38D07CD0,,
3932,PLOSAK,,avibase-E979E67D,,
3934,PLOSPE,,avibase-4DC2B23C,,
3936,PLOSPE,,avibase-4436DD6C,,
3938,PLOSUB,,avibase-23CA12EF,,
3940,PLOTAE,,avibase-6A84BDB8,,
3942,PLOTEM,,avibase-476A437E,,
3944,PLOTRI,,avibase-BE85C81E,,
3946,PLOWEY,,avibase-341298B9,,
3948,PRUCOL,,avibase-A783468F,,
3950,PRUMOD,,avibase-26530C86,,
3952,PSEARN,,avibase-573C3683,,
3954,PSECAB,,avibase-65856D49,,
3956,PYRSAN,,avibase-E617A8C3,,
3958,PYROST,,avibase-2CC91390,,
3960,PYTLIN,,,,
3962,PYTHYP,,avibase-1AAAEAFD,,
3964,PYTPHO,,avibase-C7891867,,
3966,ODOGRI,,avibase-7D6F12FE,,
3970,SPEPOL,,avibase-AEAD40DD,,
3972,SPOFRO,,avibase-C90890A3,,
3974,URABEN,,avibase-EAE77D96,,
3976,URACYA,,avibase-5CAE6778,,
3978,GRAIAN,,avibase-DE689967,,
3980,VIDMAR,,avibase-12EC9197,,
3982,VIDNIG,,,,
3984,VIDINT,,,,
3986,VIDTOG,,avibase-E60F7093,,
3988,VIDCAM,,avibase-A37F0FEC,,
3990,VIDFIS,,avibase-424B857C,,
3992,VIDHYP,,avibase-8D05A048,,
3994,VIDLAR,,avibase-04D7BC6C,,
3996,VIDORI,,avibase-DFCFAB2A,,
3998,VIDRAR,,avibase-30A131ED,,
4000,CALLAP,,avibase-3534E4CE,,
4002,CARCAN,,,,
4004,CARCAR,,avibase-59353A05,,
4006,CARCHL,,avibase-65BD2033,,
4008,CARFLA,,,,
4010,CARJOH,,avibase-3E8BDBBA,,
4012,CARSPI,,avibase-9820CECA,,
4014,CARERY,,avibase-3A713345,,
4016,CARSYN,,avibase-8F36D663,,
4018,COCCOC,,avibase-84E1F114,,
4020,EMBAFF,,avibase-BB11EE7F,,
4022,EMBCAE,,avibase-A7F3E6AE,,
4024,EMBCIA,,avibase-4836E64E,,
4026,EMBCIN,,avibase-7C5AC300,,
4028,EMBCIR,,avibase-9AAB8C21,,
4030,EMBCIT,,avibase-56FB47C0,,
4032,EMBHOR,61,avibase-47210561,,
4034,EMBLEU,,avibase-43EF3EA7,,
4036,EMBMEL,,avibase-E2D2CB88,,
4038,EMBPOL,,avibase-72386016,,
4040,EMBPUS,,avibase-1866F80E,,
4042,EMBRUS,,avibase-DA9746CE,,
4044,EMBSCH,,avibase-C0B97874,,
4046,EMBSOC,,avibase-3C33A7C5,,
4048,EMBSTR,,avibase-CDF4A106,,
4050,FRIMON,,avibase-E16B2C03,,
4052,LOXCUR,,avibase-135564AA,,
4054,MILCAL,,avibase-9A87EBB0,,
4056,NESACU,,avibase-AED9D220,,
4058,PADORY,,avibase-549BEA0C,,
4060,PLENIV,,avibase-9BEBC025,,
4062,PYRPYR,,avibase-24764DC7,,
4064,RHOGIT,,avibase-8049F707,,
4066,RHOOBS,,avibase-FA269911,,
4068,RHOSAN,,avibase-B345F82B,,
4070,RHYLOU,,avibase-FB76AD60,,
4072,RHYSOC,,avibase-BE193EC5,,
4074,CRIREI,,avibase-69EB514A,,
4076,SERXAN,,,,
4078,SERMEL,,,,
4080,CRIKOL,,avibase-5E456730,,
4082,SERFRO,,avibase-5108E1D3,,
4084,CRIHYP,,avibase-C978ABCC,,
4086,CRIBUC,,avibase-F3618305,,
4088,SERCAN,,avibase-115CB3F4,,
4090,SERANK,,avibase-F422B222,,
4092,SERCIT,,avibase-039E0011,,
4094,CRIDON,,avibase-0CEB2DA6,,
4096,CRIDOR,,avibase-90C937E4,,
4098,SERFLA,,avibase-DCFFEEC1,,
4100,SERFLA,,avibase-31B513F0,,
4102,SERLEU,,,,
4104,SERLEU,,avibase-C887C3FC,,
4106,SERMEN,,avibase-5C0BF88F,,
4108,SERNIG,,avibase-E211621B,,
4110,SERPUS,,avibase-FB1C44D5,,
4112,SERSER,,avibase-C3227709,,
4114,SERSYR,,avibase-95594E16,,
4116,SERTRI,,avibase-30384990,,
4118,SERWHY,,,,
4120,SERXAN,,avibase-8C436082,,
4121,PTENEG,,avibase-889232C7,,
4122,HARAUR,,avibase-9D7AA862,,
4123,CERBRE,,avibase-A80B0AC0,,
4124,CERBEN,,,,
4125,CERCUR,,avibase-608C0EA6,,
4126,CERSEM,,,,
4127,CERSUB,,,,
4128,TURHOT,,avibase-FE5E2530,,
4129,TOCERY,,avibase-AF75AC32,,
4130,CUCPOL,,avibase-FF41B79F,,
4131,CENBUR,,,,
4132,POIROB,,avibase-2F4B17A7,,
4133,TAUCOR,,,,
4134,AFRAFR,,avibase-C84BD649,,
4136,LARFUS,,avibase-2D52E3A5,,
4137,PROAEQ,,avibase-35EB45A0,,
4138,CISGAL,,avibase-D74437DE,,
4139,PRIMAC,,avibase-4CDA27A3,,
4140,MIRAPI,,,,
4142,PASDIF,,avibase-7EB3ECC4,,
4143,THAELE,,avibase-3F9E1C51,,
4144,STAWOO,,,,
9999,,9999,,Lost or destroyed ring,
10000,LESX S,,,,
10001,KERX R,,,,
10002,DAMX R,,,,
10003,CAIMOS,,avibase-8DE14046,,
14189,MILMIG,,avibase-DB2E41A1,,
14933,CECMEL,,avibase-91315CD4,African Red-rumped Swallow,Cecropis melanocrissus
14935,CECRUF,,avibase-B4967714,European Red-rumped Swallow,Cecropis rufula
